match_id,season,phase,match_no,date,venue,batting_team,bowling_team,innings,over,striker,bowler,runs_of_bat,extras,wide,legbyes,byes,noballs,wicket_type,player_dismissed,fielder
202501,2025,Group Stage,1,"Mar 22, 2025","Eden Gardens, Kolkata",KKR,RCB,1,0.1,de Kock,Hazlewood,0,0,0,0,0,0,,,
202501,2025,Group Stage,1,"Mar 22, 2025","Eden Gardens, Kolkata",KKR,RCB,1,0.2,de Kock,Hazlewood,4,0,0,0,0,0,,,
202501,2025,Group Stage,1,"Mar 22, 2025","Eden Gardens, Kolkata",KKR,RCB,1,0.3,de Kock,Hazlewood,0,0,0,0,0,0,,,
202501,2025,Group Stage,1,"Mar 22, 2025","Eden Gardens, Kolkata",KKR,RCB,1,0.4,de Kock,Hazlewood,0,0,0,0,0,0,,,
202501,2025,Group Stage,1,"Mar 22, 2025","Eden Gardens, Kolkata",KKR,RCB,1,0.5,de Kock,Hazlewood,0,0,0,0,0,0,caught,de Kock,Jitesh Sharma
202501,2025,Group Stage,1,"Mar 22, 2025","Eden Gardens, Kolkata",KKR,RCB,1,0.6,Rahane,Hazlewood,0,0,0,0,0,0,,,
202501,2025,Group Stage,1,"Mar 22, 2025","Eden Gardens, Kolkata",KKR,RCB,1,1.1,Narine,Yash Dayal,0,0,0,0,0,0,,,
202501,2025,Group Stage,1,"Mar 22, 2025","Eden Gardens, Kolkata",KKR,RCB,1,1.2,Narine,Yash Dayal,0,0,0,0,0,0,,,
202501,2025,Group Stage,1,"Mar 22, 2025","Eden Gardens, Kolkata",KKR,RCB,1,1.3,Narine,Yash Dayal,0,0,0,0,0,0,,,
202501,2025,Group Stage,1,"Mar 22, 2025","Eden Gardens, Kolkata",KKR,RCB,1,1.4,Narine,Yash Dayal,0,0,0,0,0,0,,,
202501,2025,Group Stage,1,"Mar 22, 2025","Eden Gardens, Kolkata",KKR,RCB,1,1.5,Narine,Yash Dayal,1,0,0,0,0,0,,,
202501,2025,Group Stage,1,"Mar 22, 2025","Eden Gardens, Kolkata",KKR,RCB,1,1.6,Rahane,Yash Dayal,0,0,0,0,0,0,,,
202501,2025,Group Stage,1,"Mar 22, 2025","Eden Gardens, Kolkata",KKR,RCB,1,2.1,Narine,Hazlewood,0,0,0,0,0,0,,,
202501,2025,Group Stage,1,"Mar 22, 2025","Eden Gardens, Kolkata",KKR,RCB,1,2.2,Narine,Hazlewood,0,0,0,0,0,0,,,
202501,2025,Group Stage,1,"Mar 22, 2025","Eden Gardens, Kolkata",KKR,RCB,1,2.3,Narine,Hazlewood,0,0,0,0,0,0,,,
202501,2025,Group Stage,1,"Mar 22, 2025","Eden Gardens, Kolkata",KKR,RCB,1,2.4,Narine,Hazlewood,4,0,0,0,0,0,,,
202501,2025,Group Stage,1,"Mar 22, 2025","Eden Gardens, Kolkata",KKR,RCB,1,2.5,Narine,Hazlewood,0,0,0,0,0,0,,,
202501,2025,Group Stage,1,"Mar 22, 2025","Eden Gardens, Kolkata",KKR,RCB,1,2.6,Narine,Hazlewood,0,0,0,0,0,0,,,
202501,2025,Group Stage,1,"Mar 22, 2025","Eden Gardens, Kolkata",KKR,RCB,1,3.1,Rahane,Rasikh Salam,0,0,0,0,0,0,,,
202501,2025,Group Stage,1,"Mar 22, 2025","Eden Gardens, Kolkata",KKR,RCB,1,3.2,Rahane,Rasikh Salam,4,0,0,0,0,0,,,
202501,2025,Group Stage,1,"Mar 22, 2025","Eden Gardens, Kolkata",KKR,RCB,1,3.3,Rahane,Rasikh Salam,6,0,0,0,0,0,,,
202501,2025,Group Stage,1,"Mar 22, 2025","Eden Gardens, Kolkata",KKR,RCB,1,3.4,Rahane,Rasikh Salam,0,0,0,0,0,0,,,
202501,2025,Group Stage,1,"Mar 22, 2025","Eden Gardens, Kolkata",KKR,RCB,1,3.5,Rahane,Rasikh Salam,6,0,0,0,0,0,,,
202501,2025,Group Stage,1,"Mar 22, 2025","Eden Gardens, Kolkata",KKR,RCB,1,3.6,Rahane,Rasikh Salam,0,0,0,0,0,0,,,
202501,2025,Group Stage,1,"Mar 22, 2025","Eden Gardens, Kolkata",KKR,RCB,1,4.1,Narine,Krunal Pandya,6,0,0,0,0,0,,,
202501,2025,Group Stage,1,"Mar 22, 2025","Eden Gardens, Kolkata",KKR,RCB,1,4.2,Narine,Krunal Pandya,1,0,0,0,0,0,,,
202501,2025,Group Stage,1,"Mar 22, 2025","Eden Gardens, Kolkata",KKR,RCB,1,4.3,Rahane,Krunal Pandya,0,0,0,0,0,0,,,
202501,2025,Group Stage,1,"Mar 22, 2025","Eden Gardens, Kolkata",KKR,RCB,1,4.4,Rahane,Krunal Pandya,0,0,0,0,0,0,,,
202501,2025,Group Stage,1,"Mar 22, 2025","Eden Gardens, Kolkata",KKR,RCB,1,4.5,Rahane,Krunal Pandya,4,0,0,0,0,0,,,
202501,2025,Group Stage,1,"Mar 22, 2025","Eden Gardens, Kolkata",KKR,RCB,1,4.6,Rahane,Krunal Pandya,4,0,0,0,0,0,,,
202501,2025,Group Stage,1,"Mar 22, 2025","Eden Gardens, Kolkata",KKR,RCB,1,5.1,Narine,Yash Dayal,4,0,0,0,0,0,,,
202501,2025,Group Stage,1,"Mar 22, 2025","Eden Gardens, Kolkata",KKR,RCB,1,5.2,Narine,Yash Dayal,1,0,0,0,0,0,,,
202501,2025,Group Stage,1,"Mar 22, 2025","Eden Gardens, Kolkata",KKR,RCB,1,5.3,Rahane,Yash Dayal,4,0,0,0,0,0,,,
202501,2025,Group Stage,1,"Mar 22, 2025","Eden Gardens, Kolkata",KKR,RCB,1,5.4,Rahane,Yash Dayal,6,0,0,0,0,0,,,
202501,2025,Group Stage,1,"Mar 22, 2025","Eden Gardens, Kolkata",KKR,RCB,1,5.5,Rahane,Yash Dayal,4,0,0,0,0,0,,,
202501,2025,Group Stage,1,"Mar 22, 2025","Eden Gardens, Kolkata",KKR,RCB,1,5.6,Rahane,Yash Dayal,1,0,0,0,0,0,,,
202501,2025,Group Stage,1,"Mar 22, 2025","Eden Gardens, Kolkata",KKR,RCB,1,6.1,Rahane,Suyash Sharma,0,0,0,0,0,0,,,
202501,2025,Group Stage,1,"Mar 22, 2025","Eden Gardens, Kolkata",KKR,RCB,1,6.2,Rahane,Suyash Sharma,4,0,0,0,0,0,,,
202501,2025,Group Stage,1,"Mar 22, 2025","Eden Gardens, Kolkata",KKR,RCB,1,6.3,Rahane,Suyash Sharma,0,0,0,0,0,0,,,
202501,2025,Group Stage,1,"Mar 22, 2025","Eden Gardens, Kolkata",KKR,RCB,1,6.4,Rahane,Suyash Sharma,0,0,0,0,0,0,,,
202501,2025,Group Stage,1,"Mar 22, 2025","Eden Gardens, Kolkata",KKR,RCB,1,6.5,Rahane,Suyash Sharma,0,0,0,0,0,0,,,
202501,2025,Group Stage,1,"Mar 22, 2025","Eden Gardens, Kolkata",KKR,RCB,1,6.6,Rahane,Suyash Sharma,1,0,0,0,0,0,,,
202501,2025,Group Stage,1,"Mar 22, 2025","Eden Gardens, Kolkata",KKR,RCB,1,7.1,Rahane,Rasikh Salam,0,1,0,1,0,0,,,
202501,2025,Group Stage,1,"Mar 22, 2025","Eden Gardens, Kolkata",KKR,RCB,1,7.2,Narine,Rasikh Salam,0,1,1,0,0,0,,,
202501,2025,Group Stage,1,"Mar 22, 2025","Eden Gardens, Kolkata",KKR,RCB,1,7.2,Narine,Rasikh Salam,1,0,0,0,0,0,,,
202501,2025,Group Stage,1,"Mar 22, 2025","Eden Gardens, Kolkata",KKR,RCB,1,7.3,Rahane,Rasikh Salam,1,0,0,0,0,0,,,
202501,2025,Group Stage,1,"Mar 22, 2025","Eden Gardens, Kolkata",KKR,RCB,1,7.4,Narine,Rasikh Salam,0,1,1,0,0,0,,,
202501,2025,Group Stage,1,"Mar 22, 2025","Eden Gardens, Kolkata",KKR,RCB,1,7.4,Narine,Rasikh Salam,0,0,0,0,0,0,,,
202501,2025,Group Stage,1,"Mar 22, 2025","Eden Gardens, Kolkata",KKR,RCB,1,7.5,Narine,Rasikh Salam,4,0,0,0,0,0,,,
202501,2025,Group Stage,1,"Mar 22, 2025","Eden Gardens, Kolkata",KKR,RCB,1,7.6,Narine,Rasikh Salam,0,0,0,0,0,0,,,
202501,2025,Group Stage,1,"Mar 22, 2025","Eden Gardens, Kolkata",KKR,RCB,1,8.1,Rahane,Suyash Sharma,0,1,1,0,0,0,,,
202501,2025,Group Stage,1,"Mar 22, 2025","Eden Gardens, Kolkata",KKR,RCB,1,8.1,Rahane,Suyash Sharma,6,0,0,0,0,0,,,
202501,2025,Group Stage,1,"Mar 22, 2025","Eden Gardens, Kolkata",KKR,RCB,1,8.2,Rahane,Suyash Sharma,2,0,0,0,0,0,,,
202501,2025,Group Stage,1,"Mar 22, 2025","Eden Gardens, Kolkata",KKR,RCB,1,8.3,Rahane,Suyash Sharma,1,0,0,0,0,0,,,
202501,2025,Group Stage,1,"Mar 22, 2025","Eden Gardens, Kolkata",KKR,RCB,1,8.4,Narine,Suyash Sharma,2,0,0,0,0,0,,,
202501,2025,Group Stage,1,"Mar 22, 2025","Eden Gardens, Kolkata",KKR,RCB,1,8.5,Narine,Suyash Sharma,6,0,0,0,0,0,,,
202501,2025,Group Stage,1,"Mar 22, 2025","Eden Gardens, Kolkata",KKR,RCB,1,8.6,Narine,Suyash Sharma,4,0,0,0,0,0,,,
202501,2025,Group Stage,1,"Mar 22, 2025","Eden Gardens, Kolkata",KKR,RCB,1,9.1,Rahane,Rasikh Salam,0,0,0,0,0,0,,,
202501,2025,Group Stage,1,"Mar 22, 2025","Eden Gardens, Kolkata",KKR,RCB,1,9.2,Rahane,Rasikh Salam,1,0,0,0,0,0,,,
202501,2025,Group Stage,1,"Mar 22, 2025","Eden Gardens, Kolkata",KKR,RCB,1,9.3,Narine,Rasikh Salam,4,0,0,0,0,0,,,
202501,2025,Group Stage,1,"Mar 22, 2025","Eden Gardens, Kolkata",KKR,RCB,1,9.4,Narine,Rasikh Salam,0,0,0,0,0,0,,,
202501,2025,Group Stage,1,"Mar 22, 2025","Eden Gardens, Kolkata",KKR,RCB,1,9.5,Narine,Rasikh Salam,6,0,0,0,0,0,,,
202501,2025,Group Stage,1,"Mar 22, 2025","Eden Gardens, Kolkata",KKR,RCB,1,9.6,Narine,Rasikh Salam,0,0,0,0,0,0,caught,Narine,Jitesh Sharma
202501,2025,Group Stage,1,"Mar 22, 2025","Eden Gardens, Kolkata",KKR,RCB,1,10.1,Rahane,Krunal Pandya,1,0,0,0,0,0,,,
202501,2025,Group Stage,1,"Mar 22, 2025","Eden Gardens, Kolkata",KKR,RCB,1,10.2,Venkatesh Iyer,Krunal Pandya,1,0,0,0,0,0,,,
202501,2025,Group Stage,1,"Mar 22, 2025","Eden Gardens, Kolkata",KKR,RCB,1,10.3,Rahane,Krunal Pandya,0,0,0,0,0,0,caught,Rahane,Rasikh Salam
202501,2025,Group Stage,1,"Mar 22, 2025","Eden Gardens, Kolkata",KKR,RCB,1,10.4,Angkrish Raghuvanshi,Krunal Pandya,1,0,0,0,0,0,,,
202501,2025,Group Stage,1,"Mar 22, 2025","Eden Gardens, Kolkata",KKR,RCB,1,10.5,Venkatesh Iyer,Krunal Pandya,0,0,0,0,0,0,,,
202501,2025,Group Stage,1,"Mar 22, 2025","Eden Gardens, Kolkata",KKR,RCB,1,10.6,Venkatesh Iyer,Krunal Pandya,0,0,0,0,0,0,,,
202501,2025,Group Stage,1,"Mar 22, 2025","Eden Gardens, Kolkata",KKR,RCB,1,11.1,Angkrish Raghuvanshi,Suyash Sharma,1,0,0,0,0,0,,,
202501,2025,Group Stage,1,"Mar 22, 2025","Eden Gardens, Kolkata",KKR,RCB,1,11.2,Venkatesh Iyer,Suyash Sharma,0,0,0,0,0,0,,,
202501,2025,Group Stage,1,"Mar 22, 2025","Eden Gardens, Kolkata",KKR,RCB,1,11.3,Venkatesh Iyer,Suyash Sharma,4,0,0,0,0,0,,,
202501,2025,Group Stage,1,"Mar 22, 2025","Eden Gardens, Kolkata",KKR,RCB,1,11.4,Venkatesh Iyer,Suyash Sharma,1,0,0,0,0,0,,,
202501,2025,Group Stage,1,"Mar 22, 2025","Eden Gardens, Kolkata",KKR,RCB,1,11.5,Angkrish Raghuvanshi,Suyash Sharma,4,0,0,0,0,0,,,
202501,2025,Group Stage,1,"Mar 22, 2025","Eden Gardens, Kolkata",KKR,RCB,1,11.6,Angkrish Raghuvanshi,Suyash Sharma,4,0,0,0,0,0,,,
202501,2025,Group Stage,1,"Mar 22, 2025","Eden Gardens, Kolkata",KKR,RCB,1,12.1,Venkatesh Iyer,Krunal Pandya,0,1,1,0,0,0,,,
202501,2025,Group Stage,1,"Mar 22, 2025","Eden Gardens, Kolkata",KKR,RCB,1,12.1,Venkatesh Iyer,Krunal Pandya,0,0,0,0,0,0,bowled,Venkatesh Iyer,
202501,2025,Group Stage,1,"Mar 22, 2025","Eden Gardens, Kolkata",KKR,RCB,1,12.2,Rinku Singh,Krunal Pandya,1,0,0,0,0,0,,,
202501,2025,Group Stage,1,"Mar 22, 2025","Eden Gardens, Kolkata",KKR,RCB,1,12.3,Angkrish Raghuvanshi,Krunal Pandya,1,0,0,0,0,0,,,
202501,2025,Group Stage,1,"Mar 22, 2025","Eden Gardens, Kolkata",KKR,RCB,1,12.4,Rinku Singh,Krunal Pandya,1,0,0,0,0,0,,,
202501,2025,Group Stage,1,"Mar 22, 2025","Eden Gardens, Kolkata",KKR,RCB,1,12.5,Angkrish Raghuvanshi,Krunal Pandya,2,0,0,0,0,0,,,
202501,2025,Group Stage,1,"Mar 22, 2025","Eden Gardens, Kolkata",KKR,RCB,1,12.6,Angkrish Raghuvanshi,Krunal Pandya,1,0,0,0,0,0,,,
202501,2025,Group Stage,1,"Mar 22, 2025","Eden Gardens, Kolkata",KKR,RCB,1,13.1,Angkrish Raghuvanshi,Livingstone,1,0,0,0,0,0,,,
202501,2025,Group Stage,1,"Mar 22, 2025","Eden Gardens, Kolkata",KKR,RCB,1,13.2,Rinku Singh,Livingstone,1,0,0,0,0,0,,,
202501,2025,Group Stage,1,"Mar 22, 2025","Eden Gardens, Kolkata",KKR,RCB,1,13.3,Angkrish Raghuvanshi,Livingstone,1,0,0,0,0,0,,,
202501,2025,Group Stage,1,"Mar 22, 2025","Eden Gardens, Kolkata",KKR,RCB,1,13.4,Rinku Singh,Livingstone,4,0,0,0,0,0,,,
202501,2025,Group Stage,1,"Mar 22, 2025","Eden Gardens, Kolkata",KKR,RCB,1,13.5,Rinku Singh,Livingstone,2,0,0,0,0,0,,,
202501,2025,Group Stage,1,"Mar 22, 2025","Eden Gardens, Kolkata",KKR,RCB,1,13.6,Rinku Singh,Livingstone,1,0,0,0,0,0,,,
202501,2025,Group Stage,1,"Mar 22, 2025","Eden Gardens, Kolkata",KKR,RCB,1,14.1,Rinku Singh,Krunal Pandya,1,0,0,0,0,0,,,
202501,2025,Group Stage,1,"Mar 22, 2025","Eden Gardens, Kolkata",KKR,RCB,1,14.2,Angkrish Raghuvanshi,Krunal Pandya,1,0,0,0,0,0,,,
202501,2025,Group Stage,1,"Mar 22, 2025","Eden Gardens, Kolkata",KKR,RCB,1,14.3,Rinku Singh,Krunal Pandya,0,0,0,0,0,0,,,
202501,2025,Group Stage,1,"Mar 22, 2025","Eden Gardens, Kolkata",KKR,RCB,1,14.4,Rinku Singh,Krunal Pandya,1,0,0,0,0,0,,,
202501,2025,Group Stage,1,"Mar 22, 2025","Eden Gardens, Kolkata",KKR,RCB,1,14.5,Angkrish Raghuvanshi,Krunal Pandya,1,0,0,0,0,0,,,
202501,2025,Group Stage,1,"Mar 22, 2025","Eden Gardens, Kolkata",KKR,RCB,1,14.6,Rinku Singh,Krunal Pandya,0,0,0,0,0,0,bowled,Rinku Singh,
202501,2025,Group Stage,1,"Mar 22, 2025","Eden Gardens, Kolkata",KKR,RCB,1,15.1,Angkrish Raghuvanshi,Suyash Sharma,1,0,0,0,0,0,,,
202501,2025,Group Stage,1,"Mar 22, 2025","Eden Gardens, Kolkata",KKR,RCB,1,15.2,Russell,Suyash Sharma,0,0,0,0,0,0,,,
202501,2025,Group Stage,1,"Mar 22, 2025","Eden Gardens, Kolkata",KKR,RCB,1,15.3,Russell,Suyash Sharma,4,0,0,0,0,0,,,
202501,2025,Group Stage,1,"Mar 22, 2025","Eden Gardens, Kolkata",KKR,RCB,1,15.4,Russell,Suyash Sharma,0,0,0,0,0,0,bowled,Russell,
202501,2025,Group Stage,1,"Mar 22, 2025","Eden Gardens, Kolkata",KKR,RCB,1,15.5,Ramandeep Singh,Suyash Sharma,0,0,0,0,0,0,,,
202501,2025,Group Stage,1,"Mar 22, 2025","Eden Gardens, Kolkata",KKR,RCB,1,15.6,Ramandeep Singh,Suyash Sharma,1,0,0,0,0,0,,,
202501,2025,Group Stage,1,"Mar 22, 2025","Eden Gardens, Kolkata",KKR,RCB,1,16.1,Ramandeep Singh,Livingstone,1,0,0,0,0,0,,,
202501,2025,Group Stage,1,"Mar 22, 2025","Eden Gardens, Kolkata",KKR,RCB,1,16.2,Angkrish Raghuvanshi,Livingstone,1,0,0,0,0,0,,,
202501,2025,Group Stage,1,"Mar 22, 2025","Eden Gardens, Kolkata",KKR,RCB,1,16.3,Ramandeep Singh,Livingstone,1,0,0,0,0,0,,,
202501,2025,Group Stage,1,"Mar 22, 2025","Eden Gardens, Kolkata",KKR,RCB,1,16.4,Angkrish Raghuvanshi,Livingstone,0,0,0,0,0,0,,,
202501,2025,Group Stage,1,"Mar 22, 2025","Eden Gardens, Kolkata",KKR,RCB,1,16.5,Angkrish Raghuvanshi,Livingstone,1,0,0,0,0,0,,,
202501,2025,Group Stage,1,"Mar 22, 2025","Eden Gardens, Kolkata",KKR,RCB,1,16.6,Ramandeep Singh,Livingstone,0,0,0,0,0,0,,,
202501,2025,Group Stage,1,"Mar 22, 2025","Eden Gardens, Kolkata",KKR,RCB,1,17.1,Angkrish Raghuvanshi,Hazlewood,0,0,0,0,0,0,,,
202501,2025,Group Stage,1,"Mar 22, 2025","Eden Gardens, Kolkata",KKR,RCB,1,17.2,Angkrish Raghuvanshi,Hazlewood,1,0,0,0,0,0,,,
202501,2025,Group Stage,1,"Mar 22, 2025","Eden Gardens, Kolkata",KKR,RCB,1,17.3,Ramandeep Singh,Hazlewood,0,1,0,1,0,0,,,
202501,2025,Group Stage,1,"Mar 22, 2025","Eden Gardens, Kolkata",KKR,RCB,1,17.4,Angkrish Raghuvanshi,Hazlewood,6,0,0,0,0,0,,,
202501,2025,Group Stage,1,"Mar 22, 2025","Eden Gardens, Kolkata",KKR,RCB,1,17.5,Angkrish Raghuvanshi,Hazlewood,1,0,0,0,0,0,,,
202501,2025,Group Stage,1,"Mar 22, 2025","Eden Gardens, Kolkata",KKR,RCB,1,17.6,Ramandeep Singh,Hazlewood,1,0,0,0,0,0,,,
202501,2025,Group Stage,1,"Mar 22, 2025","Eden Gardens, Kolkata",KKR,RCB,1,18.1,Ramandeep Singh,Yash Dayal,1,0,0,0,0,0,,,
202501,2025,Group Stage,1,"Mar 22, 2025","Eden Gardens, Kolkata",KKR,RCB,1,18.2,Angkrish Raghuvanshi,Yash Dayal,1,0,0,0,0,0,,,
202501,2025,Group Stage,1,"Mar 22, 2025","Eden Gardens, Kolkata",KKR,RCB,1,18.3,Ramandeep Singh,Yash Dayal,1,0,0,0,0,0,,,
202501,2025,Group Stage,1,"Mar 22, 2025","Eden Gardens, Kolkata",KKR,RCB,1,18.4,Angkrish Raghuvanshi,Yash Dayal,0,0,0,0,0,0,,,
202501,2025,Group Stage,1,"Mar 22, 2025","Eden Gardens, Kolkata",KKR,RCB,1,18.5,Angkrish Raghuvanshi,Yash Dayal,0,0,0,0,0,0,caught,Angkrish Raghuvanshi,Jitesh Sharma
202501,2025,Group Stage,1,"Mar 22, 2025","Eden Gardens, Kolkata",KKR,RCB,1,18.6,Harshit Rana,Yash Dayal,1,0,0,0,0,0,,,
202501,2025,Group Stage,1,"Mar 22, 2025","Eden Gardens, Kolkata",KKR,RCB,1,19.1,Harshit Rana,Hazlewood,0,0,0,0,0,0,,,
202501,2025,Group Stage,1,"Mar 22, 2025","Eden Gardens, Kolkata",KKR,RCB,1,19.2,Harshit Rana,Hazlewood,0,0,0,0,0,0,,,
202501,2025,Group Stage,1,"Mar 22, 2025","Eden Gardens, Kolkata",KKR,RCB,1,19.3,Harshit Rana,Hazlewood,0,0,0,0,0,0,,,
202501,2025,Group Stage,1,"Mar 22, 2025","Eden Gardens, Kolkata",KKR,RCB,1,19.4,Harshit Rana,Hazlewood,4,0,0,0,0,0,,,
202501,2025,Group Stage,1,"Mar 22, 2025","Eden Gardens, Kolkata",KKR,RCB,1,19.5,Harshit Rana,Hazlewood,0,0,0,0,0,0,caught,Harshit Rana,Jitesh Sharma
202501,2025,Group Stage,1,"Mar 22, 2025","Eden Gardens, Kolkata",KKR,RCB,1,19.6,Spencer Johnson,Hazlewood,1,0,0,0,0,0,,,
202501,2025,Group Stage,1,"Mar 22, 2025","Eden Gardens, Kolkata",RCB,KKR,2,0.1,Phil Salt,Vaibhav Arora,4,0,0,0,0,0,,,
202501,2025,Group Stage,1,"Mar 22, 2025","Eden Gardens, Kolkata",RCB,KKR,2,0.2,Phil Salt,Vaibhav Arora,0,1,1,0,0,0,,,
202501,2025,Group Stage,1,"Mar 22, 2025","Eden Gardens, Kolkata",RCB,KKR,2,0.2,Phil Salt,Vaibhav Arora,0,0,0,0,0,0,,,
202501,2025,Group Stage,1,"Mar 22, 2025","Eden Gardens, Kolkata",RCB,KKR,2,0.3,Phil Salt,Vaibhav Arora,0,0,0,0,0,0,,,
202501,2025,Group Stage,1,"Mar 22, 2025","Eden Gardens, Kolkata",RCB,KKR,2,0.4,Phil Salt,Vaibhav Arora,1,0,0,0,0,0,,,
202501,2025,Group Stage,1,"Mar 22, 2025","Eden Gardens, Kolkata",RCB,KKR,2,0.5,Kohli,Vaibhav Arora,4,0,0,0,0,0,,,
202501,2025,Group Stage,1,"Mar 22, 2025","Eden Gardens, Kolkata",RCB,KKR,2,0.6,Kohli,Vaibhav Arora,2,0,0,0,0,0,,,
202501,2025,Group Stage,1,"Mar 22, 2025","Eden Gardens, Kolkata",RCB,KKR,2,1.1,Phil Salt,Spencer Johnson,0,0,0,0,0,0,,,
202501,2025,Group Stage,1,"Mar 22, 2025","Eden Gardens, Kolkata",RCB,KKR,2,1.2,Phil Salt,Spencer Johnson,0,0,0,0,0,0,,,
202501,2025,Group Stage,1,"Mar 22, 2025","Eden Gardens, Kolkata",RCB,KKR,2,1.3,Phil Salt,Spencer Johnson,4,0,0,0,0,0,,,
202501,2025,Group Stage,1,"Mar 22, 2025","Eden Gardens, Kolkata",RCB,KKR,2,1.4,Phil Salt,Spencer Johnson,0,0,0,0,0,0,,,
202501,2025,Group Stage,1,"Mar 22, 2025","Eden Gardens, Kolkata",RCB,KKR,2,1.5,Phil Salt,Spencer Johnson,0,0,0,0,0,0,,,
202501,2025,Group Stage,1,"Mar 22, 2025","Eden Gardens, Kolkata",RCB,KKR,2,1.6,Phil Salt,Spencer Johnson,0,1,0,1,0,0,,,
202501,2025,Group Stage,1,"Mar 22, 2025","Eden Gardens, Kolkata",RCB,KKR,2,2.1,Phil Salt,Vaibhav Arora,4,0,0,0,0,0,,,
202501,2025,Group Stage,1,"Mar 22, 2025","Eden Gardens, Kolkata",RCB,KKR,2,2.2,Phil Salt,Vaibhav Arora,6,0,0,0,0,0,,,
202501,2025,Group Stage,1,"Mar 22, 2025","Eden Gardens, Kolkata",RCB,KKR,2,2.3,Phil Salt,Vaibhav Arora,1,0,0,0,0,0,,,
202501,2025,Group Stage,1,"Mar 22, 2025","Eden Gardens, Kolkata",RCB,KKR,2,2.4,Kohli,Vaibhav Arora,4,0,0,0,0,0,,,
202501,2025,Group Stage,1,"Mar 22, 2025","Eden Gardens, Kolkata",RCB,KKR,2,2.5,Kohli,Vaibhav Arora,1,0,0,0,0,0,,,
202501,2025,Group Stage,1,"Mar 22, 2025","Eden Gardens, Kolkata",RCB,KKR,2,2.6,Phil Salt,Vaibhav Arora,4,0,0,0,0,0,,,
202501,2025,Group Stage,1,"Mar 22, 2025","Eden Gardens, Kolkata",RCB,KKR,2,3.1,Kohli,Varun Chakaravarthy,1,0,0,0,0,0,,,
202501,2025,Group Stage,1,"Mar 22, 2025","Eden Gardens, Kolkata",RCB,KKR,2,3.2,Phil Salt,Varun Chakaravarthy,2,0,0,0,0,0,,,
202501,2025,Group Stage,1,"Mar 22, 2025","Eden Gardens, Kolkata",RCB,KKR,2,3.3,Phil Salt,Varun Chakaravarthy,4,0,0,0,0,0,,,
202501,2025,Group Stage,1,"Mar 22, 2025","Eden Gardens, Kolkata",RCB,KKR,2,3.4,Phil Salt,Varun Chakaravarthy,6,0,0,0,0,0,,,
202501,2025,Group Stage,1,"Mar 22, 2025","Eden Gardens, Kolkata",RCB,KKR,2,3.5,Phil Salt,Varun Chakaravarthy,4,0,0,0,0,0,,,
202501,2025,Group Stage,1,"Mar 22, 2025","Eden Gardens, Kolkata",RCB,KKR,2,3.6,Phil Salt,Varun Chakaravarthy,4,0,0,0,0,0,,,
202501,2025,Group Stage,1,"Mar 22, 2025","Eden Gardens, Kolkata",RCB,KKR,2,4.1,Kohli,Spencer Johnson,6,0,0,0,0,0,,,
202501,2025,Group Stage,1,"Mar 22, 2025","Eden Gardens, Kolkata",RCB,KKR,2,4.2,Kohli,Spencer Johnson,6,0,0,0,0,0,,,
202501,2025,Group Stage,1,"Mar 22, 2025","Eden Gardens, Kolkata",RCB,KKR,2,4.3,Kohli,Spencer Johnson,0,0,0,0,0,0,,,
202501,2025,Group Stage,1,"Mar 22, 2025","Eden Gardens, Kolkata",RCB,KKR,2,4.4,Kohli,Spencer Johnson,1,0,0,0,0,0,,,
202501,2025,Group Stage,1,"Mar 22, 2025","Eden Gardens, Kolkata",RCB,KKR,2,4.5,Phil Salt,Spencer Johnson,0,0,0,0,0,0,,,
202501,2025,Group Stage,1,"Mar 22, 2025","Eden Gardens, Kolkata",RCB,KKR,2,4.6,Phil Salt,Spencer Johnson,4,0,0,0,0,0,,,
202501,2025,Group Stage,1,"Mar 22, 2025","Eden Gardens, Kolkata",RCB,KKR,2,5.1,Kohli,Harshit Rana,0,0,0,0,0,0,,,
202501,2025,Group Stage,1,"Mar 22, 2025","Eden Gardens, Kolkata",RCB,KKR,2,5.2,Kohli,Harshit Rana,1,0,0,0,0,0,,,
202501,2025,Group Stage,1,"Mar 22, 2025","Eden Gardens, Kolkata",RCB,KKR,2,5.3,Phil Salt,Harshit Rana,0,0,0,0,0,0,,,
202501,2025,Group Stage,1,"Mar 22, 2025","Eden Gardens, Kolkata",RCB,KKR,2,5.4,Phil Salt,Harshit Rana,1,0,0,0,0,0,,,
202501,2025,Group Stage,1,"Mar 22, 2025","Eden Gardens, Kolkata",RCB,KKR,2,5.5,Kohli,Harshit Rana,2,0,0,0,0,0,,,
202501,2025,Group Stage,1,"Mar 22, 2025","Eden Gardens, Kolkata",RCB,KKR,2,5.6,Kohli,Harshit Rana,1,0,0,0,0,0,,,
202501,2025,Group Stage,1,"Mar 22, 2025","Eden Gardens, Kolkata",RCB,KKR,2,6.1,Kohli,Varun Chakaravarthy,0,0,0,0,0,0,,,
202501,2025,Group Stage,1,"Mar 22, 2025","Eden Gardens, Kolkata",RCB,KKR,2,6.2,Kohli,Varun Chakaravarthy,4,0,0,0,0,0,,,
202501,2025,Group Stage,1,"Mar 22, 2025","Eden Gardens, Kolkata",RCB,KKR,2,6.3,Kohli,Varun Chakaravarthy,1,0,0,0,0,0,,,
202501,2025,Group Stage,1,"Mar 22, 2025","Eden Gardens, Kolkata",RCB,KKR,2,6.4,Phil Salt,Varun Chakaravarthy,0,0,0,0,0,0,,,
202501,2025,Group Stage,1,"Mar 22, 2025","Eden Gardens, Kolkata",RCB,KKR,2,6.5,Phil Salt,Varun Chakaravarthy,1,0,0,0,0,0,,,
202501,2025,Group Stage,1,"Mar 22, 2025","Eden Gardens, Kolkata",RCB,KKR,2,6.6,Kohli,Varun Chakaravarthy,0,0,0,0,0,0,,,
202501,2025,Group Stage,1,"Mar 22, 2025","Eden Gardens, Kolkata",RCB,KKR,2,7.1,Phil Salt,Narine,0,1,0,1,0,0,,,
202501,2025,Group Stage,1,"Mar 22, 2025","Eden Gardens, Kolkata",RCB,KKR,2,7.2,Kohli,Narine,0,0,0,0,0,0,,,
202501,2025,Group Stage,1,"Mar 22, 2025","Eden Gardens, Kolkata",RCB,KKR,2,7.3,Kohli,Narine,1,0,0,0,0,0,,,
202501,2025,Group Stage,1,"Mar 22, 2025","Eden Gardens, Kolkata",RCB,KKR,2,7.4,Phil Salt,Narine,1,0,0,0,0,0,,,
202501,2025,Group Stage,1,"Mar 22, 2025","Eden Gardens, Kolkata",RCB,KKR,2,7.5,Kohli,Narine,1,0,0,0,0,0,,,
202501,2025,Group Stage,1,"Mar 22, 2025","Eden Gardens, Kolkata",RCB,KKR,2,7.6,Phil Salt,Narine,1,0,0,0,0,0,,,
202501,2025,Group Stage,1,"Mar 22, 2025","Eden Gardens, Kolkata",RCB,KKR,2,8.1,Phil Salt,Varun Chakaravarthy,4,0,0,0,0,0,,,
202501,2025,Group Stage,1,"Mar 22, 2025","Eden Gardens, Kolkata",RCB,KKR,2,8.2,Phil Salt,Varun Chakaravarthy,0,0,0,0,0,0,,,
202501,2025,Group Stage,1,"Mar 22, 2025","Eden Gardens, Kolkata",RCB,KKR,2,8.3,Phil Salt,Varun Chakaravarthy,0,0,0,0,0,0,caught,Phil Salt,Spencer Johnson
202501,2025,Group Stage,1,"Mar 22, 2025","Eden Gardens, Kolkata",RCB,KKR,2,8.4,Padikkal,Varun Chakaravarthy,0,0,0,0,0,0,,,
202501,2025,Group Stage,1,"Mar 22, 2025","Eden Gardens, Kolkata",RCB,KKR,2,8.5,Padikkal,Varun Chakaravarthy,0,0,0,0,0,0,,,
202501,2025,Group Stage,1,"Mar 22, 2025","Eden Gardens, Kolkata",RCB,KKR,2,8.6,Padikkal,Varun Chakaravarthy,1,0,0,0,0,0,,,
202501,2025,Group Stage,1,"Mar 22, 2025","Eden Gardens, Kolkata",RCB,KKR,2,9.1,Padikkal,Narine,1,0,0,0,0,0,,,
202501,2025,Group Stage,1,"Mar 22, 2025","Eden Gardens, Kolkata",RCB,KKR,2,9.2,Kohli,Narine,0,0,0,0,0,0,,,
202501,2025,Group Stage,1,"Mar 22, 2025","Eden Gardens, Kolkata",RCB,KKR,2,9.3,Kohli,Narine,1,0,0,0,0,0,,,
202501,2025,Group Stage,1,"Mar 22, 2025","Eden Gardens, Kolkata",RCB,KKR,2,9.4,Padikkal,Narine,1,0,0,0,0,0,,,
202501,2025,Group Stage,1,"Mar 22, 2025","Eden Gardens, Kolkata",RCB,KKR,2,9.5,Kohli,Narine,1,0,0,0,0,0,,,
202501,2025,Group Stage,1,"Mar 22, 2025","Eden Gardens, Kolkata",RCB,KKR,2,9.6,Padikkal,Narine,4,0,0,0,0,0,,,
202501,2025,Group Stage,1,"Mar 22, 2025","Eden Gardens, Kolkata",RCB,KKR,2,10.1,Kohli,Varun Chakaravarthy,1,0,0,0,0,0,,,
202501,2025,Group Stage,1,"Mar 22, 2025","Eden Gardens, Kolkata",RCB,KKR,2,10.2,Padikkal,Varun Chakaravarthy,1,0,0,0,0,0,,,
202501,2025,Group Stage,1,"Mar 22, 2025","Eden Gardens, Kolkata",RCB,KKR,2,10.3,Kohli,Varun Chakaravarthy,6,0,0,0,0,0,,,
202501,2025,Group Stage,1,"Mar 22, 2025","Eden Gardens, Kolkata",RCB,KKR,2,10.4,Kohli,Varun Chakaravarthy,1,0,0,0,0,0,,,
202501,2025,Group Stage,1,"Mar 22, 2025","Eden Gardens, Kolkata",RCB,KKR,2,10.5,Padikkal,Varun Chakaravarthy,1,0,0,0,0,0,,,
202501,2025,Group Stage,1,"Mar 22, 2025","Eden Gardens, Kolkata",RCB,KKR,2,10.6,Kohli,Varun Chakaravarthy,1,0,0,0,0,0,,,
202501,2025,Group Stage,1,"Mar 22, 2025","Eden Gardens, Kolkata",RCB,KKR,2,11.1,Kohli,Narine,1,0,0,0,0,0,,,
202501,2025,Group Stage,1,"Mar 22, 2025","Eden Gardens, Kolkata",RCB,KKR,2,11.2,Padikkal,Narine,1,0,0,0,0,0,,,
202501,2025,Group Stage,1,"Mar 22, 2025","Eden Gardens, Kolkata",RCB,KKR,2,11.3,Kohli,Narine,1,0,0,0,0,0,,,
202501,2025,Group Stage,1,"Mar 22, 2025","Eden Gardens, Kolkata",RCB,KKR,2,11.4,Padikkal,Narine,0,0,0,0,0,0,caught,Padikkal,Ramandeep Singh
202501,2025,Group Stage,1,"Mar 22, 2025","Eden Gardens, Kolkata",RCB,KKR,2,11.5,Rajat Patidar,Narine,0,0,0,0,0,0,,,
202501,2025,Group Stage,1,"Mar 22, 2025","Eden Gardens, Kolkata",RCB,KKR,2,11.6,Rajat Patidar,Narine,1,0,0,0,0,0,,,
202501,2025,Group Stage,1,"Mar 22, 2025","Eden Gardens, Kolkata",RCB,KKR,2,12.1,Rajat Patidar,Harshit Rana,0,0,0,0,0,0,,,
202501,2025,Group Stage,1,"Mar 22, 2025","Eden Gardens, Kolkata",RCB,KKR,2,12.2,Rajat Patidar,Harshit Rana,0,0,0,0,0,0,,,
202501,2025,Group Stage,1,"Mar 22, 2025","Eden Gardens, Kolkata",RCB,KKR,2,12.3,Rajat Patidar,Harshit Rana,2,0,0,0,0,0,,,
202501,2025,Group Stage,1,"Mar 22, 2025","Eden Gardens, Kolkata",RCB,KKR,2,12.4,Rajat Patidar,Harshit Rana,1,0,0,0,0,0,,,
202501,2025,Group Stage,1,"Mar 22, 2025","Eden Gardens, Kolkata",RCB,KKR,2,12.5,Kohli,Harshit Rana,4,0,0,0,0,0,,,
202501,2025,Group Stage,1,"Mar 22, 2025","Eden Gardens, Kolkata",RCB,KKR,2,12.6,Kohli,Harshit Rana,1,0,0,0,0,0,,,
202501,2025,Group Stage,1,"Mar 22, 2025","Eden Gardens, Kolkata",RCB,KKR,2,13.1,Kohli,Narine,1,0,0,0,0,0,,,
202501,2025,Group Stage,1,"Mar 22, 2025","Eden Gardens, Kolkata",RCB,KKR,2,13.2,Rajat Patidar,Narine,6,0,0,0,0,0,,,
202501,2025,Group Stage,1,"Mar 22, 2025","Eden Gardens, Kolkata",RCB,KKR,2,13.3,Rajat Patidar,Narine,1,0,0,0,0,0,,,
202501,2025,Group Stage,1,"Mar 22, 2025","Eden Gardens, Kolkata",RCB,KKR,2,13.4,Kohli,Narine,1,0,0,0,0,0,,,
202501,2025,Group Stage,1,"Mar 22, 2025","Eden Gardens, Kolkata",RCB,KKR,2,13.5,Rajat Patidar,Narine,1,0,0,0,0,0,,,
202501,2025,Group Stage,1,"Mar 22, 2025","Eden Gardens, Kolkata",RCB,KKR,2,13.6,Kohli,Narine,1,0,0,0,0,0,,,
202501,2025,Group Stage,1,"Mar 22, 2025","Eden Gardens, Kolkata",RCB,KKR,2,14.1,Kohli,Harshit Rana,1,0,0,0,0,0,,,
202501,2025,Group Stage,1,"Mar 22, 2025","Eden Gardens, Kolkata",RCB,KKR,2,14.2,Rajat Patidar,Harshit Rana,4,0,0,0,0,0,,,
202501,2025,Group Stage,1,"Mar 22, 2025","Eden Gardens, Kolkata",RCB,KKR,2,14.3,Rajat Patidar,Harshit Rana,4,0,0,0,0,0,,,
202501,2025,Group Stage,1,"Mar 22, 2025","Eden Gardens, Kolkata",RCB,KKR,2,14.4,Rajat Patidar,Harshit Rana,2,0,0,0,0,0,,,
202501,2025,Group Stage,1,"Mar 22, 2025","Eden Gardens, Kolkata",RCB,KKR,2,14.5,Rajat Patidar,Harshit Rana,4,0,0,0,0,0,,,
202501,2025,Group Stage,1,"Mar 22, 2025","Eden Gardens, Kolkata",RCB,KKR,2,14.6,Rajat Patidar,Harshit Rana,4,0,0,0,0,0,,,
202501,2025,Group Stage,1,"Mar 22, 2025","Eden Gardens, Kolkata",RCB,KKR,2,15.1,Kohli,Vaibhav Arora,1,0,0,0,0,0,,,
202501,2025,Group Stage,1,"Mar 22, 2025","Eden Gardens, Kolkata",RCB,KKR,2,15.2,Rajat Patidar,Vaibhav Arora,4,0,0,0,0,0,,,
202501,2025,Group Stage,1,"Mar 22, 2025","Eden Gardens, Kolkata",RCB,KKR,2,15.3,Rajat Patidar,Vaibhav Arora,0,0,0,0,0,0,caught,Rajat Patidar,Rinku Singh
202501,2025,Group Stage,1,"Mar 22, 2025","Eden Gardens, Kolkata",RCB,KKR,2,15.4,Livingstone,Vaibhav Arora,4,0,0,0,0,0,,,
202501,2025,Group Stage,1,"Mar 22, 2025","Eden Gardens, Kolkata",RCB,KKR,2,15.5,Livingstone,Vaibhav Arora,0,0,0,0,0,0,,,
202501,2025,Group Stage,1,"Mar 22, 2025","Eden Gardens, Kolkata",RCB,KKR,2,15.6,Livingstone,Vaibhav Arora,1,0,0,0,0,0,,,
202501,2025,Group Stage,1,"Mar 22, 2025","Eden Gardens, Kolkata",RCB,KKR,2,16.1,Livingstone,Spencer Johnson,6,0,0,0,0,0,,,
202501,2025,Group Stage,1,"Mar 22, 2025","Eden Gardens, Kolkata",RCB,KKR,2,16.2,Livingstone,Spencer Johnson,4,0,0,0,0,0,,,
202502,2025,Group Stage,2,"Mar 23, 2025","Rajiv Gandhi International Stadium, Hyderabad",SRH,RR,1,0.1,Abhishek Sharma,Fazalhaq Farooqi,0,0,0,0,0,0,,,
202502,2025,Group Stage,2,"Mar 23, 2025","Rajiv Gandhi International Stadium, Hyderabad",SRH,RR,1,0.2,Abhishek Sharma,Fazalhaq Farooqi,0,0,0,0,0,0,,,
202502,2025,Group Stage,2,"Mar 23, 2025","Rajiv Gandhi International Stadium, Hyderabad",SRH,RR,1,0.3,Abhishek Sharma,Fazalhaq Farooqi,4,0,0,0,0,0,,,
202502,2025,Group Stage,2,"Mar 23, 2025","Rajiv Gandhi International Stadium, Hyderabad",SRH,RR,1,0.4,Abhishek Sharma,Fazalhaq Farooqi,4,0,0,0,0,0,,,
202502,2025,Group Stage,2,"Mar 23, 2025","Rajiv Gandhi International Stadium, Hyderabad",SRH,RR,1,0.5,Abhishek Sharma,Fazalhaq Farooqi,1,0,0,0,0,0,,,
202502,2025,Group Stage,2,"Mar 23, 2025","Rajiv Gandhi International Stadium, Hyderabad",SRH,RR,1,0.6,Head,Fazalhaq Farooqi,1,0,0,0,0,0,,,
202502,2025,Group Stage,2,"Mar 23, 2025","Rajiv Gandhi International Stadium, Hyderabad",SRH,RR,1,1.1,Head,Theekshana,0,1,0,0,0,1,,,
202502,2025,Group Stage,2,"Mar 23, 2025","Rajiv Gandhi International Stadium, Hyderabad",SRH,RR,1,1.1,Head,Theekshana,0,1,1,0,0,0,,,
202502,2025,Group Stage,2,"Mar 23, 2025","Rajiv Gandhi International Stadium, Hyderabad",SRH,RR,1,1.1,Head,Theekshana,2,0,0,0,0,0,,,
202502,2025,Group Stage,2,"Mar 23, 2025","Rajiv Gandhi International Stadium, Hyderabad",SRH,RR,1,1.2,Head,Theekshana,0,0,0,0,0,0,,,
202502,2025,Group Stage,2,"Mar 23, 2025","Rajiv Gandhi International Stadium, Hyderabad",SRH,RR,1,1.3,Head,Theekshana,0,0,0,0,0,0,,,
202502,2025,Group Stage,2,"Mar 23, 2025","Rajiv Gandhi International Stadium, Hyderabad",SRH,RR,1,1.4,Head,Theekshana,4,0,0,0,0,0,,,
202502,2025,Group Stage,2,"Mar 23, 2025","Rajiv Gandhi International Stadium, Hyderabad",SRH,RR,1,1.5,Head,Theekshana,6,0,0,0,0,0,,,
202502,2025,Group Stage,2,"Mar 23, 2025","Rajiv Gandhi International Stadium, Hyderabad",SRH,RR,1,1.6,Head,Theekshana,0,0,0,0,0,0,,,
202502,2025,Group Stage,2,"Mar 23, 2025","Rajiv Gandhi International Stadium, Hyderabad",SRH,RR,1,2.1,Abhishek Sharma,Fazalhaq Farooqi,4,0,0,0,0,0,,,
202502,2025,Group Stage,2,"Mar 23, 2025","Rajiv Gandhi International Stadium, Hyderabad",SRH,RR,1,2.2,Abhishek Sharma,Fazalhaq Farooqi,4,0,0,0,0,0,,,
202502,2025,Group Stage,2,"Mar 23, 2025","Rajiv Gandhi International Stadium, Hyderabad",SRH,RR,1,2.3,Abhishek Sharma,Fazalhaq Farooqi,4,0,0,0,0,0,,,
202502,2025,Group Stage,2,"Mar 23, 2025","Rajiv Gandhi International Stadium, Hyderabad",SRH,RR,1,2.4,Abhishek Sharma,Fazalhaq Farooqi,2,0,0,0,0,0,,,
202502,2025,Group Stage,2,"Mar 23, 2025","Rajiv Gandhi International Stadium, Hyderabad",SRH,RR,1,2.5,Abhishek Sharma,Fazalhaq Farooqi,1,0,0,0,0,0,,,
202502,2025,Group Stage,2,"Mar 23, 2025","Rajiv Gandhi International Stadium, Hyderabad",SRH,RR,1,2.6,Head,Fazalhaq Farooqi,6,0,0,0,0,0,,,
202502,2025,Group Stage,2,"Mar 23, 2025","Rajiv Gandhi International Stadium, Hyderabad",SRH,RR,1,3.1,Abhishek Sharma,Theekshana,0,0,0,0,0,0,caught,Abhishek Sharma,Jaiswal
202502,2025,Group Stage,2,"Mar 23, 2025","Rajiv Gandhi International Stadium, Hyderabad",SRH,RR,1,3.2,Ishan Kishan,Theekshana,0,0,0,0,0,0,,,
202502,2025,Group Stage,2,"Mar 23, 2025","Rajiv Gandhi International Stadium, Hyderabad",SRH,RR,1,3.3,Ishan Kishan,Theekshana,4,0,0,0,0,0,,,
202502,2025,Group Stage,2,"Mar 23, 2025","Rajiv Gandhi International Stadium, Hyderabad",SRH,RR,1,3.4,Ishan Kishan,Theekshana,4,0,0,0,0,0,,,
202502,2025,Group Stage,2,"Mar 23, 2025","Rajiv Gandhi International Stadium, Hyderabad",SRH,RR,1,3.5,Ishan Kishan,Theekshana,2,0,0,0,0,0,,,
202502,2025,Group Stage,2,"Mar 23, 2025","Rajiv Gandhi International Stadium, Hyderabad",SRH,RR,1,3.6,Ishan Kishan,Theekshana,0,0,0,0,0,0,,,
202502,2025,Group Stage,2,"Mar 23, 2025","Rajiv Gandhi International Stadium, Hyderabad",SRH,RR,1,4.1,Head,Jofra Archer,4,0,0,0,0,0,,,
202502,2025,Group Stage,2,"Mar 23, 2025","Rajiv Gandhi International Stadium, Hyderabad",SRH,RR,1,4.2,Head,Jofra Archer,6,0,0,0,0,0,,,
202502,2025,Group Stage,2,"Mar 23, 2025","Rajiv Gandhi International Stadium, Hyderabad",SRH,RR,1,4.3,Head,Jofra Archer,0,0,0,0,0,0,,,
202502,2025,Group Stage,2,"Mar 23, 2025","Rajiv Gandhi International Stadium, Hyderabad",SRH,RR,1,4.4,Head,Jofra Archer,4,0,0,0,0,0,,,
202502,2025,Group Stage,2,"Mar 23, 2025","Rajiv Gandhi International Stadium, Hyderabad",SRH,RR,1,4.5,Head,Jofra Archer,0,1,1,0,0,0,,,
202502,2025,Group Stage,2,"Mar 23, 2025","Rajiv Gandhi International Stadium, Hyderabad",SRH,RR,1,4.5,Head,Jofra Archer,4,0,0,0,0,0,,,
202502,2025,Group Stage,2,"Mar 23, 2025","Rajiv Gandhi International Stadium, Hyderabad",SRH,RR,1,4.6,Head,Jofra Archer,4,0,0,0,0,0,,,
202502,2025,Group Stage,2,"Mar 23, 2025","Rajiv Gandhi International Stadium, Hyderabad",SRH,RR,1,5.1,Ishan Kishan,Theekshana,4,0,0,0,0,0,,,
202502,2025,Group Stage,2,"Mar 23, 2025","Rajiv Gandhi International Stadium, Hyderabad",SRH,RR,1,5.2,Ishan Kishan,Theekshana,4,0,0,0,0,0,,,
202502,2025,Group Stage,2,"Mar 23, 2025","Rajiv Gandhi International Stadium, Hyderabad",SRH,RR,1,5.3,Ishan Kishan,Theekshana,1,0,0,0,0,0,,,
202502,2025,Group Stage,2,"Mar 23, 2025","Rajiv Gandhi International Stadium, Hyderabad",SRH,RR,1,5.4,Head,Theekshana,1,0,0,0,0,0,,,
202502,2025,Group Stage,2,"Mar 23, 2025","Rajiv Gandhi International Stadium, Hyderabad",SRH,RR,1,5.5,Ishan Kishan,Theekshana,1,0,0,0,0,0,,,
202502,2025,Group Stage,2,"Mar 23, 2025","Rajiv Gandhi International Stadium, Hyderabad",SRH,RR,1,5.6,Head,Theekshana,0,1,0,0,0,1,,,
202502,2025,Group Stage,2,"Mar 23, 2025","Rajiv Gandhi International Stadium, Hyderabad",SRH,RR,1,5.6,Head,Theekshana,4,0,0,0,0,0,,,
202502,2025,Group Stage,2,"Mar 23, 2025","Rajiv Gandhi International Stadium, Hyderabad",SRH,RR,1,6.1,Ishan Kishan,Sandeep Sharma,4,0,0,0,0,0,,,
202502,2025,Group Stage,2,"Mar 23, 2025","Rajiv Gandhi International Stadium, Hyderabad",SRH,RR,1,6.2,Ishan Kishan,Sandeep Sharma,0,0,0,0,0,0,,,
202502,2025,Group Stage,2,"Mar 23, 2025","Rajiv Gandhi International Stadium, Hyderabad",SRH,RR,1,6.3,Ishan Kishan,Sandeep Sharma,1,0,0,0,0,0,,,
202502,2025,Group Stage,2,"Mar 23, 2025","Rajiv Gandhi International Stadium, Hyderabad",SRH,RR,1,6.4,Head,Sandeep Sharma,2,0,0,0,0,0,,,
202502,2025,Group Stage,2,"Mar 23, 2025","Rajiv Gandhi International Stadium, Hyderabad",SRH,RR,1,6.5,Head,Sandeep Sharma,1,0,0,0,0,0,,,
202502,2025,Group Stage,2,"Mar 23, 2025","Rajiv Gandhi International Stadium, Hyderabad",SRH,RR,1,6.6,Ishan Kishan,Sandeep Sharma,4,0,0,0,0,0,,,
202502,2025,Group Stage,2,"Mar 23, 2025","Rajiv Gandhi International Stadium, Hyderabad",SRH,RR,1,7.1,Head,Nitish Rana,1,0,0,0,0,0,,,
202502,2025,Group Stage,2,"Mar 23, 2025","Rajiv Gandhi International Stadium, Hyderabad",SRH,RR,1,7.2,Ishan Kishan,Nitish Rana,1,0,0,0,0,0,,,
202502,2025,Group Stage,2,"Mar 23, 2025","Rajiv Gandhi International Stadium, Hyderabad",SRH,RR,1,7.3,Head,Nitish Rana,4,0,0,0,0,0,,,
202502,2025,Group Stage,2,"Mar 23, 2025","Rajiv Gandhi International Stadium, Hyderabad",SRH,RR,1,7.4,Head,Nitish Rana,1,0,0,0,0,0,,,
202502,2025,Group Stage,2,"Mar 23, 2025","Rajiv Gandhi International Stadium, Hyderabad",SRH,RR,1,7.5,Ishan Kishan,Nitish Rana,1,0,0,0,0,0,,,
202502,2025,Group Stage,2,"Mar 23, 2025","Rajiv Gandhi International Stadium, Hyderabad",SRH,RR,1,7.6,Head,Nitish Rana,1,0,0,0,0,0,,,
202502,2025,Group Stage,2,"Mar 23, 2025","Rajiv Gandhi International Stadium, Hyderabad",SRH,RR,1,8.1,Head,Sandeep Sharma,0,0,0,0,0,0,,,
202502,2025,Group Stage,2,"Mar 23, 2025","Rajiv Gandhi International Stadium, Hyderabad",SRH,RR,1,8.2,Head,Sandeep Sharma,2,0,0,0,0,0,,,
202502,2025,Group Stage,2,"Mar 23, 2025","Rajiv Gandhi International Stadium, Hyderabad",SRH,RR,1,8.3,Head,Sandeep Sharma,1,0,0,0,0,0,,,
202502,2025,Group Stage,2,"Mar 23, 2025","Rajiv Gandhi International Stadium, Hyderabad",SRH,RR,1,8.4,Ishan Kishan,Sandeep Sharma,1,0,0,0,0,0,,,
202502,2025,Group Stage,2,"Mar 23, 2025","Rajiv Gandhi International Stadium, Hyderabad",SRH,RR,1,8.5,Head,Sandeep Sharma,4,0,0,0,0,0,,,
202502,2025,Group Stage,2,"Mar 23, 2025","Rajiv Gandhi International Stadium, Hyderabad",SRH,RR,1,8.6,Head,Sandeep Sharma,0,0,0,0,0,0,,,
202502,2025,Group Stage,2,"Mar 23, 2025","Rajiv Gandhi International Stadium, Hyderabad",SRH,RR,1,9.1,Ishan Kishan,Tushar Deshpande,0,1,1,0,0,0,,,
202502,2025,Group Stage,2,"Mar 23, 2025","Rajiv Gandhi International Stadium, Hyderabad",SRH,RR,1,9.1,Ishan Kishan,Tushar Deshpande,1,0,0,0,0,0,,,
202502,2025,Group Stage,2,"Mar 23, 2025","Rajiv Gandhi International Stadium, Hyderabad",SRH,RR,1,9.2,Head,Tushar Deshpande,0,1,1,0,0,0,,,
202502,2025,Group Stage,2,"Mar 23, 2025","Rajiv Gandhi International Stadium, Hyderabad",SRH,RR,1,9.2,Head,Tushar Deshpande,4,0,0,0,0,0,,,
202502,2025,Group Stage,2,"Mar 23, 2025","Rajiv Gandhi International Stadium, Hyderabad",SRH,RR,1,9.3,Head,Tushar Deshpande,0,0,0,0,0,0,caught,Head,Hetmyer
202502,2025,Group Stage,2,"Mar 23, 2025","Rajiv Gandhi International Stadium, Hyderabad",SRH,RR,1,9.4,Nitish Reddy,Tushar Deshpande,0,0,0,0,0,0,,,
202502,2025,Group Stage,2,"Mar 23, 2025","Rajiv Gandhi International Stadium, Hyderabad",SRH,RR,1,9.5,Nitish Reddy,Tushar Deshpande,4,0,0,0,0,0,,,
202502,2025,Group Stage,2,"Mar 23, 2025","Rajiv Gandhi International Stadium, Hyderabad",SRH,RR,1,9.6,Nitish Reddy,Tushar Deshpande,1,0,0,0,0,0,,,
202502,2025,Group Stage,2,"Mar 23, 2025","Rajiv Gandhi International Stadium, Hyderabad",SRH,RR,1,10.1,Nitish Reddy,Jofra Archer,1,0,0,0,0,0,,,
202502,2025,Group Stage,2,"Mar 23, 2025","Rajiv Gandhi International Stadium, Hyderabad",SRH,RR,1,10.2,Ishan Kishan,Jofra Archer,1,0,0,0,0,0,,,
202502,2025,Group Stage,2,"Mar 23, 2025","Rajiv Gandhi International Stadium, Hyderabad",SRH,RR,1,10.3,Nitish Reddy,Jofra Archer,4,0,0,0,0,0,,,
202502,2025,Group Stage,2,"Mar 23, 2025","Rajiv Gandhi International Stadium, Hyderabad",SRH,RR,1,10.4,Nitish Reddy,Jofra Archer,1,0,0,0,0,0,,,
202502,2025,Group Stage,2,"Mar 23, 2025","Rajiv Gandhi International Stadium, Hyderabad",SRH,RR,1,10.5,Ishan Kishan,Jofra Archer,1,0,0,0,0,0,,,
202502,2025,Group Stage,2,"Mar 23, 2025","Rajiv Gandhi International Stadium, Hyderabad",SRH,RR,1,10.6,Nitish Reddy,Jofra Archer,4,0,0,0,0,0,,,
202502,2025,Group Stage,2,"Mar 23, 2025","Rajiv Gandhi International Stadium, Hyderabad",SRH,RR,1,11.1,Ishan Kishan,Tushar Deshpande,1,0,0,0,0,0,,,
202502,2025,Group Stage,2,"Mar 23, 2025","Rajiv Gandhi International Stadium, Hyderabad",SRH,RR,1,11.2,Nitish Reddy,Tushar Deshpande,2,0,0,0,0,0,,,
202502,2025,Group Stage,2,"Mar 23, 2025","Rajiv Gandhi International Stadium, Hyderabad",SRH,RR,1,11.3,Nitish Reddy,Tushar Deshpande,1,0,0,0,0,0,,,
202502,2025,Group Stage,2,"Mar 23, 2025","Rajiv Gandhi International Stadium, Hyderabad",SRH,RR,1,11.4,Ishan Kishan,Tushar Deshpande,2,0,0,0,0,0,,,
202502,2025,Group Stage,2,"Mar 23, 2025","Rajiv Gandhi International Stadium, Hyderabad",SRH,RR,1,11.5,Ishan Kishan,Tushar Deshpande,0,1,1,0,0,0,,,
202502,2025,Group Stage,2,"Mar 23, 2025","Rajiv Gandhi International Stadium, Hyderabad",SRH,RR,1,11.5,Ishan Kishan,Tushar Deshpande,0,0,0,0,0,0,,,
202502,2025,Group Stage,2,"Mar 23, 2025","Rajiv Gandhi International Stadium, Hyderabad",SRH,RR,1,11.6,Ishan Kishan,Tushar Deshpande,1,0,0,0,0,0,,,
202502,2025,Group Stage,2,"Mar 23, 2025","Rajiv Gandhi International Stadium, Hyderabad",SRH,RR,1,12.1,Ishan Kishan,Jofra Archer,6,0,0,0,0,0,,,
202502,2025,Group Stage,2,"Mar 23, 2025","Rajiv Gandhi International Stadium, Hyderabad",SRH,RR,1,12.2,Ishan Kishan,Jofra Archer,6,0,0,0,0,0,,,
202502,2025,Group Stage,2,"Mar 23, 2025","Rajiv Gandhi International Stadium, Hyderabad",SRH,RR,1,12.3,Ishan Kishan,Jofra Archer,1,0,0,0,0,0,,,
202502,2025,Group Stage,2,"Mar 23, 2025","Rajiv Gandhi International Stadium, Hyderabad",SRH,RR,1,12.4,Nitish Reddy,Jofra Archer,1,0,0,0,0,0,,,
202502,2025,Group Stage,2,"Mar 23, 2025","Rajiv Gandhi International Stadium, Hyderabad",SRH,RR,1,12.5,Ishan Kishan,Jofra Archer,0,1,1,0,0,0,,,
202502,2025,Group Stage,2,"Mar 23, 2025","Rajiv Gandhi International Stadium, Hyderabad",SRH,RR,1,12.5,Ishan Kishan,Jofra Archer,6,0,0,0,0,0,,,
202502,2025,Group Stage,2,"Mar 23, 2025","Rajiv Gandhi International Stadium, Hyderabad",SRH,RR,1,12.6,Ishan Kishan,Jofra Archer,1,0,0,0,0,0,,,
202502,2025,Group Stage,2,"Mar 23, 2025","Rajiv Gandhi International Stadium, Hyderabad",SRH,RR,1,13.1,Ishan Kishan,Fazalhaq Farooqi,6,0,0,0,0,0,,,
202502,2025,Group Stage,2,"Mar 23, 2025","Rajiv Gandhi International Stadium, Hyderabad",SRH,RR,1,13.2,Ishan Kishan,Fazalhaq Farooqi,1,0,0,0,0,0,,,
202502,2025,Group Stage,2,"Mar 23, 2025","Rajiv Gandhi International Stadium, Hyderabad",SRH,RR,1,13.3,Nitish Reddy,Fazalhaq Farooqi,0,0,0,0,0,0,,,
202502,2025,Group Stage,2,"Mar 23, 2025","Rajiv Gandhi International Stadium, Hyderabad",SRH,RR,1,13.4,Nitish Reddy,Fazalhaq Farooqi,6,0,0,0,0,0,,,
202502,2025,Group Stage,2,"Mar 23, 2025","Rajiv Gandhi International Stadium, Hyderabad",SRH,RR,1,13.5,Nitish Reddy,Fazalhaq Farooqi,1,0,0,0,0,0,,,
202502,2025,Group Stage,2,"Mar 23, 2025","Rajiv Gandhi International Stadium, Hyderabad",SRH,RR,1,13.6,Ishan Kishan,Fazalhaq Farooqi,4,0,0,0,0,0,,,
202502,2025,Group Stage,2,"Mar 23, 2025","Rajiv Gandhi International Stadium, Hyderabad",SRH,RR,1,14.1,Nitish Reddy,Theekshana,0,1,1,0,0,0,,,
202502,2025,Group Stage,2,"Mar 23, 2025","Rajiv Gandhi International Stadium, Hyderabad",SRH,RR,1,14.1,Nitish Reddy,Theekshana,4,0,0,0,0,0,,,
202502,2025,Group Stage,2,"Mar 23, 2025","Rajiv Gandhi International Stadium, Hyderabad",SRH,RR,1,14.2,Nitish Reddy,Theekshana,0,1,1,0,0,0,,,
202502,2025,Group Stage,2,"Mar 23, 2025","Rajiv Gandhi International Stadium, Hyderabad",SRH,RR,1,14.2,Nitish Reddy,Theekshana,0,0,0,0,0,0,caught,Nitish Reddy,Jaiswal
202502,2025,Group Stage,2,"Mar 23, 2025","Rajiv Gandhi International Stadium, Hyderabad",SRH,RR,1,14.3,Klaasen,Theekshana,1,0,0,0,0,0,,,
202502,2025,Group Stage,2,"Mar 23, 2025","Rajiv Gandhi International Stadium, Hyderabad",SRH,RR,1,14.4,Ishan Kishan,Theekshana,0,0,0,0,0,0,,,
202502,2025,Group Stage,2,"Mar 23, 2025","Rajiv Gandhi International Stadium, Hyderabad",SRH,RR,1,14.5,Ishan Kishan,Theekshana,4,0,0,0,0,0,,,
202502,2025,Group Stage,2,"Mar 23, 2025","Rajiv Gandhi International Stadium, Hyderabad",SRH,RR,1,14.6,Ishan Kishan,Theekshana,1,0,0,0,0,0,,,
202502,2025,Group Stage,2,"Mar 23, 2025","Rajiv Gandhi International Stadium, Hyderabad",SRH,RR,1,15.1,Ishan Kishan,Tushar Deshpande,4,0,0,0,0,0,,,
202502,2025,Group Stage,2,"Mar 23, 2025","Rajiv Gandhi International Stadium, Hyderabad",SRH,RR,1,15.2,Ishan Kishan,Tushar Deshpande,0,1,1,0,0,0,,,
202502,2025,Group Stage,2,"Mar 23, 2025","Rajiv Gandhi International Stadium, Hyderabad",SRH,RR,1,15.2,Ishan Kishan,Tushar Deshpande,0,0,0,0,0,0,,,
202502,2025,Group Stage,2,"Mar 23, 2025","Rajiv Gandhi International Stadium, Hyderabad",SRH,RR,1,15.3,Ishan Kishan,Tushar Deshpande,1,0,0,0,0,0,,,
202502,2025,Group Stage,2,"Mar 23, 2025","Rajiv Gandhi International Stadium, Hyderabad",SRH,RR,1,15.4,Klaasen,Tushar Deshpande,4,0,0,0,0,0,,,
202502,2025,Group Stage,2,"Mar 23, 2025","Rajiv Gandhi International Stadium, Hyderabad",SRH,RR,1,15.5,Klaasen,Tushar Deshpande,1,0,0,0,0,0,,,
202502,2025,Group Stage,2,"Mar 23, 2025","Rajiv Gandhi International Stadium, Hyderabad",SRH,RR,1,15.6,Ishan Kishan,Tushar Deshpande,0,0,0,0,0,0,,,
202502,2025,Group Stage,2,"Mar 23, 2025","Rajiv Gandhi International Stadium, Hyderabad",SRH,RR,1,16.1,Klaasen,Sandeep Sharma,1,0,0,0,0,0,,,
202502,2025,Group Stage,2,"Mar 23, 2025","Rajiv Gandhi International Stadium, Hyderabad",SRH,RR,1,16.2,Ishan Kishan,Sandeep Sharma,1,0,0,0,0,0,,,
202502,2025,Group Stage,2,"Mar 23, 2025","Rajiv Gandhi International Stadium, Hyderabad",SRH,RR,1,16.3,Klaasen,Sandeep Sharma,2,0,0,0,0,0,,,
202502,2025,Group Stage,2,"Mar 23, 2025","Rajiv Gandhi International Stadium, Hyderabad",SRH,RR,1,16.4,Klaasen,Sandeep Sharma,0,0,0,0,0,0,,,
202502,2025,Group Stage,2,"Mar 23, 2025","Rajiv Gandhi International Stadium, Hyderabad",SRH,RR,1,16.5,Klaasen,Sandeep Sharma,6,0,0,0,0,0,,,
202502,2025,Group Stage,2,"Mar 23, 2025","Rajiv Gandhi International Stadium, Hyderabad",SRH,RR,1,16.6,Klaasen,Sandeep Sharma,4,0,0,0,0,0,,,
202502,2025,Group Stage,2,"Mar 23, 2025","Rajiv Gandhi International Stadium, Hyderabad",SRH,RR,1,17.1,Ishan Kishan,Jofra Archer,0,5,0,0,0,1,,,
202502,2025,Group Stage,2,"Mar 23, 2025","Rajiv Gandhi International Stadium, Hyderabad",SRH,RR,1,17.1,Ishan Kishan,Jofra Archer,1,0,0,0,0,0,,,
202502,2025,Group Stage,2,"Mar 23, 2025","Rajiv Gandhi International Stadium, Hyderabad",SRH,RR,1,17.2,Klaasen,Jofra Archer,4,0,0,0,0,0,,,
202502,2025,Group Stage,2,"Mar 23, 2025","Rajiv Gandhi International Stadium, Hyderabad",SRH,RR,1,17.3,Klaasen,Jofra Archer,4,0,0,0,0,0,,,
202502,2025,Group Stage,2,"Mar 23, 2025","Rajiv Gandhi International Stadium, Hyderabad",SRH,RR,1,17.4,Klaasen,Jofra Archer,4,0,0,0,0,0,,,
202502,2025,Group Stage,2,"Mar 23, 2025","Rajiv Gandhi International Stadium, Hyderabad",SRH,RR,1,17.5,Klaasen,Jofra Archer,1,0,0,0,0,0,,,
202502,2025,Group Stage,2,"Mar 23, 2025","Rajiv Gandhi International Stadium, Hyderabad",SRH,RR,1,17.6,Ishan Kishan,Jofra Archer,4,0,0,0,0,0,,,
202502,2025,Group Stage,2,"Mar 23, 2025","Rajiv Gandhi International Stadium, Hyderabad",SRH,RR,1,18.1,Klaasen,Sandeep Sharma,2,0,0,0,0,0,,,
202502,2025,Group Stage,2,"Mar 23, 2025","Rajiv Gandhi International Stadium, Hyderabad",SRH,RR,1,18.2,Klaasen,Sandeep Sharma,0,0,0,0,0,0,caught,Klaasen,Riyan Parag
202502,2025,Group Stage,2,"Mar 23, 2025","Rajiv Gandhi International Stadium, Hyderabad",SRH,RR,1,18.3,Aniket Verma,Sandeep Sharma,1,0,0,0,0,0,,,
202502,2025,Group Stage,2,"Mar 23, 2025","Rajiv Gandhi International Stadium, Hyderabad",SRH,RR,1,18.4,Ishan Kishan,Sandeep Sharma,6,0,0,0,0,0,,,
202502,2025,Group Stage,2,"Mar 23, 2025","Rajiv Gandhi International Stadium, Hyderabad",SRH,RR,1,18.5,Ishan Kishan,Sandeep Sharma,6,0,0,0,0,0,,,
202502,2025,Group Stage,2,"Mar 23, 2025","Rajiv Gandhi International Stadium, Hyderabad",SRH,RR,1,18.6,Ishan Kishan,Sandeep Sharma,2,0,0,0,0,0,,,
202502,2025,Group Stage,2,"Mar 23, 2025","Rajiv Gandhi International Stadium, Hyderabad",SRH,RR,1,19.1,Aniket Verma,Tushar Deshpande,6,0,0,0,0,0,,,
202502,2025,Group Stage,2,"Mar 23, 2025","Rajiv Gandhi International Stadium, Hyderabad",SRH,RR,1,19.2,Aniket Verma,Tushar Deshpande,0,0,0,0,0,0,caught,Aniket Verma,Jofra Archer
202502,2025,Group Stage,2,"Mar 23, 2025","Rajiv Gandhi International Stadium, Hyderabad",SRH,RR,1,19.3,Abhinav Manohar,Tushar Deshpande,0,0,0,0,0,0,caught,Abhinav Manohar,Riyan Parag
202502,2025,Group Stage,2,"Mar 23, 2025","Rajiv Gandhi International Stadium, Hyderabad",SRH,RR,1,19.4,Cummins,Tushar Deshpande,0,1,0,1,0,0,,,
202502,2025,Group Stage,2,"Mar 23, 2025","Rajiv Gandhi International Stadium, Hyderabad",SRH,RR,1,19.5,Ishan Kishan,Tushar Deshpande,2,0,0,0,0,0,,,
202502,2025,Group Stage,2,"Mar 23, 2025","Rajiv Gandhi International Stadium, Hyderabad",SRH,RR,1,19.6,Ishan Kishan,Tushar Deshpande,4,0,0,0,0,0,,,
202502,2025,Group Stage,2,"Mar 23, 2025","Rajiv Gandhi International Stadium, Hyderabad",RR,SRH,2,0.1,Jaiswal,Shami,0,0,0,0,0,0,,,
202502,2025,Group Stage,2,"Mar 23, 2025","Rajiv Gandhi International Stadium, Hyderabad",RR,SRH,2,0.2,Jaiswal,Shami,0,1,1,0,0,0,,,
202502,2025,Group Stage,2,"Mar 23, 2025","Rajiv Gandhi International Stadium, Hyderabad",RR,SRH,2,0.2,Jaiswal,Shami,1,0,0,0,0,0,,,
202502,2025,Group Stage,2,"Mar 23, 2025","Rajiv Gandhi International Stadium, Hyderabad",RR,SRH,2,0.3,Samson,Shami,0,0,0,0,0,0,,,
202502,2025,Group Stage,2,"Mar 23, 2025","Rajiv Gandhi International Stadium, Hyderabad",RR,SRH,2,0.4,Samson,Shami,6,0,0,0,0,0,,,
202502,2025,Group Stage,2,"Mar 23, 2025","Rajiv Gandhi International Stadium, Hyderabad",RR,SRH,2,0.5,Samson,Shami,4,0,0,0,0,0,,,
202502,2025,Group Stage,2,"Mar 23, 2025","Rajiv Gandhi International Stadium, Hyderabad",RR,SRH,2,0.6,Samson,Shami,4,0,0,0,0,0,,,
202502,2025,Group Stage,2,"Mar 23, 2025","Rajiv Gandhi International Stadium, Hyderabad",RR,SRH,2,1.1,Jaiswal,Simarjeet Singh,0,0,0,0,0,0,,,
202502,2025,Group Stage,2,"Mar 23, 2025","Rajiv Gandhi International Stadium, Hyderabad",RR,SRH,2,1.2,Jaiswal,Simarjeet Singh,0,4,0,0,1,0,,,
202502,2025,Group Stage,2,"Mar 23, 2025","Rajiv Gandhi International Stadium, Hyderabad",RR,SRH,2,1.3,Jaiswal,Simarjeet Singh,0,0,0,0,0,0,caught,Jaiswal,Abhinav Manohar
202502,2025,Group Stage,2,"Mar 23, 2025","Rajiv Gandhi International Stadium, Hyderabad",RR,SRH,2,1.4,Riyan Parag,Simarjeet Singh,4,0,0,0,0,0,,,
202502,2025,Group Stage,2,"Mar 23, 2025","Rajiv Gandhi International Stadium, Hyderabad",RR,SRH,2,1.5,Riyan Parag,Simarjeet Singh,0,0,0,0,0,0,caught,Riyan Parag,Cummins
202502,2025,Group Stage,2,"Mar 23, 2025","Rajiv Gandhi International Stadium, Hyderabad",RR,SRH,2,1.6,Nitish Rana,Simarjeet Singh,1,0,0,0,0,0,,,
202502,2025,Group Stage,2,"Mar 23, 2025","Rajiv Gandhi International Stadium, Hyderabad",RR,SRH,2,2.1,Nitish Rana,Shami,0,0,0,0,0,0,,,
202502,2025,Group Stage,2,"Mar 23, 2025","Rajiv Gandhi International Stadium, Hyderabad",RR,SRH,2,2.2,Nitish Rana,Shami,4,0,0,0,0,0,,,
202502,2025,Group Stage,2,"Mar 23, 2025","Rajiv Gandhi International Stadium, Hyderabad",RR,SRH,2,2.3,Nitish Rana,Shami,0,0,0,0,0,0,,,
202502,2025,Group Stage,2,"Mar 23, 2025","Rajiv Gandhi International Stadium, Hyderabad",RR,SRH,2,2.4,Nitish Rana,Shami,4,0,0,0,0,0,,,
202502,2025,Group Stage,2,"Mar 23, 2025","Rajiv Gandhi International Stadium, Hyderabad",RR,SRH,2,2.5,Nitish Rana,Shami,2,0,0,0,0,0,,,
202502,2025,Group Stage,2,"Mar 23, 2025","Rajiv Gandhi International Stadium, Hyderabad",RR,SRH,2,2.6,Nitish Rana,Shami,0,0,0,0,0,0,,,
202502,2025,Group Stage,2,"Mar 23, 2025","Rajiv Gandhi International Stadium, Hyderabad",RR,SRH,2,3.1,Samson,Simarjeet Singh,0,0,0,0,0,0,,,
202502,2025,Group Stage,2,"Mar 23, 2025","Rajiv Gandhi International Stadium, Hyderabad",RR,SRH,2,3.2,Samson,Simarjeet Singh,0,0,0,0,0,0,,,
202502,2025,Group Stage,2,"Mar 23, 2025","Rajiv Gandhi International Stadium, Hyderabad",RR,SRH,2,3.3,Samson,Simarjeet Singh,4,0,0,0,0,0,,,
202502,2025,Group Stage,2,"Mar 23, 2025","Rajiv Gandhi International Stadium, Hyderabad",RR,SRH,2,3.4,Samson,Simarjeet Singh,0,0,0,0,0,0,,,
202502,2025,Group Stage,2,"Mar 23, 2025","Rajiv Gandhi International Stadium, Hyderabad",RR,SRH,2,3.5,Samson,Simarjeet Singh,0,1,1,0,0,0,,,
202502,2025,Group Stage,2,"Mar 23, 2025","Rajiv Gandhi International Stadium, Hyderabad",RR,SRH,2,3.5,Samson,Simarjeet Singh,6,0,0,0,0,0,,,
202502,2025,Group Stage,2,"Mar 23, 2025","Rajiv Gandhi International Stadium, Hyderabad",RR,SRH,2,3.6,Samson,Simarjeet Singh,4,0,0,0,0,0,,,
202502,2025,Group Stage,2,"Mar 23, 2025","Rajiv Gandhi International Stadium, Hyderabad",RR,SRH,2,4.1,Nitish Rana,Shami,0,0,0,0,0,0,caught,Nitish Rana,Cummins
202502,2025,Group Stage,2,"Mar 23, 2025","Rajiv Gandhi International Stadium, Hyderabad",RR,SRH,2,4.2,Dhruv Jurel,Shami,0,0,0,0,0,0,,,
202502,2025,Group Stage,2,"Mar 23, 2025","Rajiv Gandhi International Stadium, Hyderabad",RR,SRH,2,4.3,Dhruv Jurel,Shami,2,0,0,0,0,0,,,
202502,2025,Group Stage,2,"Mar 23, 2025","Rajiv Gandhi International Stadium, Hyderabad",RR,SRH,2,4.4,Dhruv Jurel,Shami,1,0,0,0,0,0,,,
202502,2025,Group Stage,2,"Mar 23, 2025","Rajiv Gandhi International Stadium, Hyderabad",RR,SRH,2,4.5,Samson,Shami,0,0,0,0,0,0,,,
202502,2025,Group Stage,2,"Mar 23, 2025","Rajiv Gandhi International Stadium, Hyderabad",RR,SRH,2,4.6,Samson,Shami,4,0,0,0,0,0,,,
202502,2025,Group Stage,2,"Mar 23, 2025","Rajiv Gandhi International Stadium, Hyderabad",RR,SRH,2,5.1,Dhruv Jurel,Cummins,6,0,0,0,0,0,,,
202502,2025,Group Stage,2,"Mar 23, 2025","Rajiv Gandhi International Stadium, Hyderabad",RR,SRH,2,5.2,Dhruv Jurel,Cummins,4,0,0,0,0,0,,,
202502,2025,Group Stage,2,"Mar 23, 2025","Rajiv Gandhi International Stadium, Hyderabad",RR,SRH,2,5.3,Dhruv Jurel,Cummins,4,0,0,0,0,0,,,
202502,2025,Group Stage,2,"Mar 23, 2025","Rajiv Gandhi International Stadium, Hyderabad",RR,SRH,2,5.4,Dhruv Jurel,Cummins,1,0,0,0,0,0,,,
202502,2025,Group Stage,2,"Mar 23, 2025","Rajiv Gandhi International Stadium, Hyderabad",RR,SRH,2,5.5,Samson,Cummins,1,0,0,0,0,0,,,
202502,2025,Group Stage,2,"Mar 23, 2025","Rajiv Gandhi International Stadium, Hyderabad",RR,SRH,2,5.6,Dhruv Jurel,Cummins,4,0,0,0,0,0,,,
202502,2025,Group Stage,2,"Mar 23, 2025","Rajiv Gandhi International Stadium, Hyderabad",RR,SRH,2,6.1,Samson,Abhishek Sharma,0,0,0,0,0,0,,,
202502,2025,Group Stage,2,"Mar 23, 2025","Rajiv Gandhi International Stadium, Hyderabad",RR,SRH,2,6.2,Samson,Abhishek Sharma,0,0,0,0,0,0,,,
202502,2025,Group Stage,2,"Mar 23, 2025","Rajiv Gandhi International Stadium, Hyderabad",RR,SRH,2,6.3,Samson,Abhishek Sharma,1,0,0,0,0,0,,,
202502,2025,Group Stage,2,"Mar 23, 2025","Rajiv Gandhi International Stadium, Hyderabad",RR,SRH,2,6.4,Dhruv Jurel,Abhishek Sharma,4,0,0,0,0,0,,,
202502,2025,Group Stage,2,"Mar 23, 2025","Rajiv Gandhi International Stadium, Hyderabad",RR,SRH,2,6.5,Dhruv Jurel,Abhishek Sharma,0,0,0,0,0,0,,,
202502,2025,Group Stage,2,"Mar 23, 2025","Rajiv Gandhi International Stadium, Hyderabad",RR,SRH,2,6.6,Dhruv Jurel,Abhishek Sharma,0,0,0,0,0,0,,,
202502,2025,Group Stage,2,"Mar 23, 2025","Rajiv Gandhi International Stadium, Hyderabad",RR,SRH,2,7.1,Samson,Zampa,2,0,0,0,0,0,,,
202502,2025,Group Stage,2,"Mar 23, 2025","Rajiv Gandhi International Stadium, Hyderabad",RR,SRH,2,7.2,Samson,Zampa,6,0,0,0,0,0,,,
202502,2025,Group Stage,2,"Mar 23, 2025","Rajiv Gandhi International Stadium, Hyderabad",RR,SRH,2,7.3,Samson,Zampa,0,0,0,0,0,0,,,
202502,2025,Group Stage,2,"Mar 23, 2025","Rajiv Gandhi International Stadium, Hyderabad",RR,SRH,2,7.4,Samson,Zampa,1,0,0,0,0,0,,,
202502,2025,Group Stage,2,"Mar 23, 2025","Rajiv Gandhi International Stadium, Hyderabad",RR,SRH,2,7.5,Dhruv Jurel,Zampa,1,0,0,0,0,0,,,
202502,2025,Group Stage,2,"Mar 23, 2025","Rajiv Gandhi International Stadium, Hyderabad",RR,SRH,2,7.6,Samson,Zampa,4,0,0,0,0,0,,,
202502,2025,Group Stage,2,"Mar 23, 2025","Rajiv Gandhi International Stadium, Hyderabad",RR,SRH,2,8.1,Dhruv Jurel,Abhishek Sharma,6,0,0,0,0,0,,,
202502,2025,Group Stage,2,"Mar 23, 2025","Rajiv Gandhi International Stadium, Hyderabad",RR,SRH,2,8.2,Dhruv Jurel,Abhishek Sharma,0,0,0,0,0,0,,,
202502,2025,Group Stage,2,"Mar 23, 2025","Rajiv Gandhi International Stadium, Hyderabad",RR,SRH,2,8.3,Dhruv Jurel,Abhishek Sharma,1,0,0,0,0,0,,,
202502,2025,Group Stage,2,"Mar 23, 2025","Rajiv Gandhi International Stadium, Hyderabad",RR,SRH,2,8.4,Samson,Abhishek Sharma,0,0,0,0,0,0,,,
202502,2025,Group Stage,2,"Mar 23, 2025","Rajiv Gandhi International Stadium, Hyderabad",RR,SRH,2,8.5,Samson,Abhishek Sharma,1,0,0,0,0,0,,,
202502,2025,Group Stage,2,"Mar 23, 2025","Rajiv Gandhi International Stadium, Hyderabad",RR,SRH,2,8.6,Dhruv Jurel,Abhishek Sharma,4,0,0,0,0,0,,,
202502,2025,Group Stage,2,"Mar 23, 2025","Rajiv Gandhi International Stadium, Hyderabad",RR,SRH,2,9.1,Samson,Harshal Patel,0,0,0,0,0,0,,,
202502,2025,Group Stage,2,"Mar 23, 2025","Rajiv Gandhi International Stadium, Hyderabad",RR,SRH,2,9.2,Samson,Harshal Patel,1,0,0,0,0,0,,,
202502,2025,Group Stage,2,"Mar 23, 2025","Rajiv Gandhi International Stadium, Hyderabad",RR,SRH,2,9.3,Dhruv Jurel,Harshal Patel,6,0,0,0,0,0,,,
202502,2025,Group Stage,2,"Mar 23, 2025","Rajiv Gandhi International Stadium, Hyderabad",RR,SRH,2,9.4,Dhruv Jurel,Harshal Patel,1,0,0,0,0,0,,,
202502,2025,Group Stage,2,"Mar 23, 2025","Rajiv Gandhi International Stadium, Hyderabad",RR,SRH,2,9.5,Samson,Harshal Patel,1,0,0,0,0,0,,,
202502,2025,Group Stage,2,"Mar 23, 2025","Rajiv Gandhi International Stadium, Hyderabad",RR,SRH,2,9.6,Dhruv Jurel,Harshal Patel,1,0,0,0,0,0,,,
202502,2025,Group Stage,2,"Mar 23, 2025","Rajiv Gandhi International Stadium, Hyderabad",RR,SRH,2,10.1,Dhruv Jurel,Zampa,1,0,0,0,0,0,,,
202502,2025,Group Stage,2,"Mar 23, 2025","Rajiv Gandhi International Stadium, Hyderabad",RR,SRH,2,10.2,Samson,Zampa,1,0,0,0,0,0,,,
202502,2025,Group Stage,2,"Mar 23, 2025","Rajiv Gandhi International Stadium, Hyderabad",RR,SRH,2,10.3,Dhruv Jurel,Zampa,0,0,0,0,0,0,,,
202502,2025,Group Stage,2,"Mar 23, 2025","Rajiv Gandhi International Stadium, Hyderabad",RR,SRH,2,10.4,Dhruv Jurel,Zampa,0,0,0,0,0,0,,,
202502,2025,Group Stage,2,"Mar 23, 2025","Rajiv Gandhi International Stadium, Hyderabad",RR,SRH,2,10.5,Dhruv Jurel,Zampa,1,0,0,0,0,0,,,
202502,2025,Group Stage,2,"Mar 23, 2025","Rajiv Gandhi International Stadium, Hyderabad",RR,SRH,2,10.6,Samson,Zampa,1,0,0,0,0,0,,,
202502,2025,Group Stage,2,"Mar 23, 2025","Rajiv Gandhi International Stadium, Hyderabad",RR,SRH,2,11.1,Samson,Cummins,1,0,0,0,0,0,,,
202502,2025,Group Stage,2,"Mar 23, 2025","Rajiv Gandhi International Stadium, Hyderabad",RR,SRH,2,11.2,Dhruv Jurel,Cummins,0,0,0,0,0,0,,,
202502,2025,Group Stage,2,"Mar 23, 2025","Rajiv Gandhi International Stadium, Hyderabad",RR,SRH,2,11.3,Dhruv Jurel,Cummins,0,0,0,0,0,0,,,
202502,2025,Group Stage,2,"Mar 23, 2025","Rajiv Gandhi International Stadium, Hyderabad",RR,SRH,2,11.4,Dhruv Jurel,Cummins,1,0,0,0,0,0,,,
202502,2025,Group Stage,2,"Mar 23, 2025","Rajiv Gandhi International Stadium, Hyderabad",RR,SRH,2,11.5,Samson,Cummins,1,0,0,0,0,0,,,
202502,2025,Group Stage,2,"Mar 23, 2025","Rajiv Gandhi International Stadium, Hyderabad",RR,SRH,2,11.6,Dhruv Jurel,Cummins,0,0,0,0,0,0,,,
202502,2025,Group Stage,2,"Mar 23, 2025","Rajiv Gandhi International Stadium, Hyderabad",RR,SRH,2,12.1,Samson,Simarjeet Singh,0,0,0,0,0,0,,,
202502,2025,Group Stage,2,"Mar 23, 2025","Rajiv Gandhi International Stadium, Hyderabad",RR,SRH,2,12.2,Samson,Simarjeet Singh,1,1,0,0,0,1,,,
202502,2025,Group Stage,2,"Mar 23, 2025","Rajiv Gandhi International Stadium, Hyderabad",RR,SRH,2,12.2,Dhruv Jurel,Simarjeet Singh,6,0,0,0,0,0,,,
202502,2025,Group Stage,2,"Mar 23, 2025","Rajiv Gandhi International Stadium, Hyderabad",RR,SRH,2,12.3,Dhruv Jurel,Simarjeet Singh,6,0,0,0,0,0,,,
202502,2025,Group Stage,2,"Mar 23, 2025","Rajiv Gandhi International Stadium, Hyderabad",RR,SRH,2,12.4,Dhruv Jurel,Simarjeet Singh,0,1,1,0,0,0,,,
202502,2025,Group Stage,2,"Mar 23, 2025","Rajiv Gandhi International Stadium, Hyderabad",RR,SRH,2,12.4,Dhruv Jurel,Simarjeet Singh,6,0,0,0,0,0,,,
202502,2025,Group Stage,2,"Mar 23, 2025","Rajiv Gandhi International Stadium, Hyderabad",RR,SRH,2,12.5,Dhruv Jurel,Simarjeet Singh,1,0,0,0,0,0,,,
202502,2025,Group Stage,2,"Mar 23, 2025","Rajiv Gandhi International Stadium, Hyderabad",RR,SRH,2,12.6,Samson,Simarjeet Singh,4,0,0,0,0,0,,,
202502,2025,Group Stage,2,"Mar 23, 2025","Rajiv Gandhi International Stadium, Hyderabad",RR,SRH,2,13.1,Dhruv Jurel,Harshal Patel,0,1,1,0,0,0,,,
202502,2025,Group Stage,2,"Mar 23, 2025","Rajiv Gandhi International Stadium, Hyderabad",RR,SRH,2,13.1,Dhruv Jurel,Harshal Patel,1,0,0,0,0,0,,,
202502,2025,Group Stage,2,"Mar 23, 2025","Rajiv Gandhi International Stadium, Hyderabad",RR,SRH,2,13.2,Samson,Harshal Patel,0,0,0,0,0,0,,,
202502,2025,Group Stage,2,"Mar 23, 2025","Rajiv Gandhi International Stadium, Hyderabad",RR,SRH,2,13.3,Samson,Harshal Patel,1,0,0,0,0,0,,,
202502,2025,Group Stage,2,"Mar 23, 2025","Rajiv Gandhi International Stadium, Hyderabad",RR,SRH,2,13.4,Dhruv Jurel,Harshal Patel,1,0,0,0,0,0,,,
202502,2025,Group Stage,2,"Mar 23, 2025","Rajiv Gandhi International Stadium, Hyderabad",RR,SRH,2,13.5,Samson,Harshal Patel,6,0,0,0,0,0,,,
202502,2025,Group Stage,2,"Mar 23, 2025","Rajiv Gandhi International Stadium, Hyderabad",RR,SRH,2,13.6,Samson,Harshal Patel,0,0,0,0,0,0,caught,Samson,Klaasen
202502,2025,Group Stage,2,"Mar 23, 2025","Rajiv Gandhi International Stadium, Hyderabad",RR,SRH,2,14.1,Dhruv Jurel,Zampa,0,0,0,0,0,0,,,
202502,2025,Group Stage,2,"Mar 23, 2025","Rajiv Gandhi International Stadium, Hyderabad",RR,SRH,2,14.2,Dhruv Jurel,Zampa,0,0,0,0,0,0,caught,Dhruv Jurel,Ishan Kishan
202502,2025,Group Stage,2,"Mar 23, 2025","Rajiv Gandhi International Stadium, Hyderabad",RR,SRH,2,14.3,Shubham Dubey,Zampa,1,0,0,0,0,0,,,
202502,2025,Group Stage,2,"Mar 23, 2025","Rajiv Gandhi International Stadium, Hyderabad",RR,SRH,2,14.4,Hetmyer,Zampa,0,0,0,0,0,0,,,
202502,2025,Group Stage,2,"Mar 23, 2025","Rajiv Gandhi International Stadium, Hyderabad",RR,SRH,2,14.5,Hetmyer,Zampa,6,0,0,0,0,0,,,
202502,2025,Group Stage,2,"Mar 23, 2025","Rajiv Gandhi International Stadium, Hyderabad",RR,SRH,2,14.6,Hetmyer,Zampa,1,0,0,0,0,0,,,
202502,2025,Group Stage,2,"Mar 23, 2025","Rajiv Gandhi International Stadium, Hyderabad",RR,SRH,2,15.1,Hetmyer,Harshal Patel,0,0,0,0,0,0,,,
202502,2025,Group Stage,2,"Mar 23, 2025","Rajiv Gandhi International Stadium, Hyderabad",RR,SRH,2,15.2,Hetmyer,Harshal Patel,1,0,0,0,0,0,,,
202502,2025,Group Stage,2,"Mar 23, 2025","Rajiv Gandhi International Stadium, Hyderabad",RR,SRH,2,15.3,Shubham Dubey,Harshal Patel,1,0,0,0,0,0,,,
202502,2025,Group Stage,2,"Mar 23, 2025","Rajiv Gandhi International Stadium, Hyderabad",RR,SRH,2,15.4,Hetmyer,Harshal Patel,1,0,0,0,0,0,,,
202502,2025,Group Stage,2,"Mar 23, 2025","Rajiv Gandhi International Stadium, Hyderabad",RR,SRH,2,15.5,Shubham Dubey,Harshal Patel,1,0,0,0,0,0,,,
202502,2025,Group Stage,2,"Mar 23, 2025","Rajiv Gandhi International Stadium, Hyderabad",RR,SRH,2,15.6,Hetmyer,Harshal Patel,0,0,0,0,0,0,,,
202502,2025,Group Stage,2,"Mar 23, 2025","Rajiv Gandhi International Stadium, Hyderabad",RR,SRH,2,16.1,Shubham Dubey,Cummins,6,0,0,0,0,0,,,
202502,2025,Group Stage,2,"Mar 23, 2025","Rajiv Gandhi International Stadium, Hyderabad",RR,SRH,2,16.2,Shubham Dubey,Cummins,1,0,0,0,0,0,,,
202502,2025,Group Stage,2,"Mar 23, 2025","Rajiv Gandhi International Stadium, Hyderabad",RR,SRH,2,16.3,Hetmyer,Cummins,2,0,0,0,0,0,,,
202502,2025,Group Stage,2,"Mar 23, 2025","Rajiv Gandhi International Stadium, Hyderabad",RR,SRH,2,16.4,Hetmyer,Cummins,1,0,0,0,0,0,,,
202502,2025,Group Stage,2,"Mar 23, 2025","Rajiv Gandhi International Stadium, Hyderabad",RR,SRH,2,16.5,Shubham Dubey,Cummins,6,0,0,0,0,0,,,
202502,2025,Group Stage,2,"Mar 23, 2025","Rajiv Gandhi International Stadium, Hyderabad",RR,SRH,2,16.6,Shubham Dubey,Cummins,6,0,0,0,0,0,,,
202502,2025,Group Stage,2,"Mar 23, 2025","Rajiv Gandhi International Stadium, Hyderabad",RR,SRH,2,17.1,Hetmyer,Zampa,0,0,0,0,0,0,,,
202502,2025,Group Stage,2,"Mar 23, 2025","Rajiv Gandhi International Stadium, Hyderabad",RR,SRH,2,17.2,Hetmyer,Zampa,4,0,0,0,0,0,,,
202502,2025,Group Stage,2,"Mar 23, 2025","Rajiv Gandhi International Stadium, Hyderabad",RR,SRH,2,17.3,Hetmyer,Zampa,0,1,1,0,0,0,,,
202502,2025,Group Stage,2,"Mar 23, 2025","Rajiv Gandhi International Stadium, Hyderabad",RR,SRH,2,17.3,Hetmyer,Zampa,6,0,0,0,0,0,,,
202502,2025,Group Stage,2,"Mar 23, 2025","Rajiv Gandhi International Stadium, Hyderabad",RR,SRH,2,17.4,Hetmyer,Zampa,1,0,0,0,0,0,,,
202502,2025,Group Stage,2,"Mar 23, 2025","Rajiv Gandhi International Stadium, Hyderabad",RR,SRH,2,17.5,Shubham Dubey,Zampa,6,0,0,0,0,0,,,
202502,2025,Group Stage,2,"Mar 23, 2025","Rajiv Gandhi International Stadium, Hyderabad",RR,SRH,2,17.6,Shubham Dubey,Zampa,4,0,0,0,0,0,,,
202502,2025,Group Stage,2,"Mar 23, 2025","Rajiv Gandhi International Stadium, Hyderabad",RR,SRH,2,18.1,Hetmyer,Cummins,0,0,0,0,0,0,,,
202502,2025,Group Stage,2,"Mar 23, 2025","Rajiv Gandhi International Stadium, Hyderabad",RR,SRH,2,18.2,Hetmyer,Cummins,1,0,0,0,0,0,,,
202502,2025,Group Stage,2,"Mar 23, 2025","Rajiv Gandhi International Stadium, Hyderabad",RR,SRH,2,18.3,Shubham Dubey,Cummins,1,1,0,0,0,1,,,
202502,2025,Group Stage,2,"Mar 23, 2025","Rajiv Gandhi International Stadium, Hyderabad",RR,SRH,2,18.3,Hetmyer,Cummins,2,0,0,0,0,0,,,
202502,2025,Group Stage,2,"Mar 23, 2025","Rajiv Gandhi International Stadium, Hyderabad",RR,SRH,2,18.4,Hetmyer,Cummins,0,1,1,0,0,0,,,
202502,2025,Group Stage,2,"Mar 23, 2025","Rajiv Gandhi International Stadium, Hyderabad",RR,SRH,2,18.4,Hetmyer,Cummins,6,0,0,0,0,0,,,
202502,2025,Group Stage,2,"Mar 23, 2025","Rajiv Gandhi International Stadium, Hyderabad",RR,SRH,2,18.5,Hetmyer,Cummins,2,0,0,0,0,0,,,
202502,2025,Group Stage,2,"Mar 23, 2025","Rajiv Gandhi International Stadium, Hyderabad",RR,SRH,2,18.6,Hetmyer,Cummins,1,0,0,0,0,0,,,
202502,2025,Group Stage,2,"Mar 23, 2025","Rajiv Gandhi International Stadium, Hyderabad",RR,SRH,2,19.1,Hetmyer,Harshal Patel,0,0,0,0,0,0,,,
202502,2025,Group Stage,2,"Mar 23, 2025","Rajiv Gandhi International Stadium, Hyderabad",RR,SRH,2,19.2,Hetmyer,Harshal Patel,1,0,0,0,0,0,,,
202502,2025,Group Stage,2,"Mar 23, 2025","Rajiv Gandhi International Stadium, Hyderabad",RR,SRH,2,19.3,Shubham Dubey,Harshal Patel,1,0,0,0,0,0,,,
202502,2025,Group Stage,2,"Mar 23, 2025","Rajiv Gandhi International Stadium, Hyderabad",RR,SRH,2,19.4,Hetmyer,Harshal Patel,0,1,1,0,0,0,,,
202502,2025,Group Stage,2,"Mar 23, 2025","Rajiv Gandhi International Stadium, Hyderabad",RR,SRH,2,19.4,Hetmyer,Harshal Patel,6,0,0,0,0,0,,,
202502,2025,Group Stage,2,"Mar 23, 2025","Rajiv Gandhi International Stadium, Hyderabad",RR,SRH,2,19.5,Hetmyer,Harshal Patel,0,0,0,0,0,0,caught,Hetmyer,Abhinav Manohar
202502,2025,Group Stage,2,"Mar 23, 2025","Rajiv Gandhi International Stadium, Hyderabad",RR,SRH,2,19.6,Jofra Archer,Harshal Patel,1,0,0,0,0,0,,,
202503,2025,Group Stage,3,"Mar 23, 2025","MA Chidambaram Stadium, Chennai",MI,CSK,1,0.1,Rohit,Khaleel Ahmed,0,0,0,0,0,0,,,
202503,2025,Group Stage,3,"Mar 23, 2025","MA Chidambaram Stadium, Chennai",MI,CSK,1,0.2,Rohit,Khaleel Ahmed,0,0,0,0,0,0,,,
202503,2025,Group Stage,3,"Mar 23, 2025","MA Chidambaram Stadium, Chennai",MI,CSK,1,0.3,Rohit,Khaleel Ahmed,0,0,0,0,0,0,,,
202503,2025,Group Stage,3,"Mar 23, 2025","MA Chidambaram Stadium, Chennai",MI,CSK,1,0.4,Rohit,Khaleel Ahmed,0,0,0,0,0,0,caught,Rohit,Shivam Dube
202503,2025,Group Stage,3,"Mar 23, 2025","MA Chidambaram Stadium, Chennai",MI,CSK,1,0.5,Will Jacks,Khaleel Ahmed,0,0,0,0,0,0,,,
202503,2025,Group Stage,3,"Mar 23, 2025","MA Chidambaram Stadium, Chennai",MI,CSK,1,0.6,Will Jacks,Khaleel Ahmed,4,0,0,0,0,0,,,
202503,2025,Group Stage,3,"Mar 23, 2025","MA Chidambaram Stadium, Chennai",MI,CSK,1,1.1,Rickelton,Sam Curran,4,0,0,0,0,0,,,
202503,2025,Group Stage,3,"Mar 23, 2025","MA Chidambaram Stadium, Chennai",MI,CSK,1,1.2,Rickelton,Sam Curran,0,0,0,0,0,0,,,
202503,2025,Group Stage,3,"Mar 23, 2025","MA Chidambaram Stadium, Chennai",MI,CSK,1,1.3,Rickelton,Sam Curran,4,0,0,0,0,0,,,
202503,2025,Group Stage,3,"Mar 23, 2025","MA Chidambaram Stadium, Chennai",MI,CSK,1,1.4,Rickelton,Sam Curran,0,0,0,0,0,0,,,
202503,2025,Group Stage,3,"Mar 23, 2025","MA Chidambaram Stadium, Chennai",MI,CSK,1,1.5,Rickelton,Sam Curran,1,0,0,0,0,0,,,
202503,2025,Group Stage,3,"Mar 23, 2025","MA Chidambaram Stadium, Chennai",MI,CSK,1,1.6,Will Jacks,Sam Curran,4,0,0,0,0,0,,,
202503,2025,Group Stage,3,"Mar 23, 2025","MA Chidambaram Stadium, Chennai",MI,CSK,1,2.1,Rickelton,Khaleel Ahmed,4,0,0,0,0,0,,,
202503,2025,Group Stage,3,"Mar 23, 2025","MA Chidambaram Stadium, Chennai",MI,CSK,1,2.2,Rickelton,Khaleel Ahmed,0,0,0,0,0,0,bowled,Rickelton,
202503,2025,Group Stage,3,"Mar 23, 2025","MA Chidambaram Stadium, Chennai",MI,CSK,1,2.3,Suryakumar Yadav,Khaleel Ahmed,0,0,0,0,0,0,,,
202503,2025,Group Stage,3,"Mar 23, 2025","MA Chidambaram Stadium, Chennai",MI,CSK,1,2.4,Suryakumar Yadav,Khaleel Ahmed,0,0,0,0,0,0,,,
202503,2025,Group Stage,3,"Mar 23, 2025","MA Chidambaram Stadium, Chennai",MI,CSK,1,2.5,Suryakumar Yadav,Khaleel Ahmed,0,0,0,0,0,0,,,
202503,2025,Group Stage,3,"Mar 23, 2025","MA Chidambaram Stadium, Chennai",MI,CSK,1,2.6,Suryakumar Yadav,Khaleel Ahmed,0,0,0,0,0,0,,,
202503,2025,Group Stage,3,"Mar 23, 2025","MA Chidambaram Stadium, Chennai",MI,CSK,1,3.1,Will Jacks,Nathan Ellis,1,0,0,0,0,0,,,
202503,2025,Group Stage,3,"Mar 23, 2025","MA Chidambaram Stadium, Chennai",MI,CSK,1,3.2,Suryakumar Yadav,Nathan Ellis,2,0,0,0,0,0,,,
202503,2025,Group Stage,3,"Mar 23, 2025","MA Chidambaram Stadium, Chennai",MI,CSK,1,3.3,Suryakumar Yadav,Nathan Ellis,1,0,0,0,0,0,,,
202503,2025,Group Stage,3,"Mar 23, 2025","MA Chidambaram Stadium, Chennai",MI,CSK,1,3.4,Will Jacks,Nathan Ellis,1,0,0,0,0,0,,,
202503,2025,Group Stage,3,"Mar 23, 2025","MA Chidambaram Stadium, Chennai",MI,CSK,1,3.5,Suryakumar Yadav,Nathan Ellis,4,0,0,0,0,0,,,
202503,2025,Group Stage,3,"Mar 23, 2025","MA Chidambaram Stadium, Chennai",MI,CSK,1,3.6,Suryakumar Yadav,Nathan Ellis,0,0,0,0,0,0,,,
202503,2025,Group Stage,3,"Mar 23, 2025","MA Chidambaram Stadium, Chennai",MI,CSK,1,4.1,Will Jacks,Ashwin,1,0,0,0,0,0,,,
202503,2025,Group Stage,3,"Mar 23, 2025","MA Chidambaram Stadium, Chennai",MI,CSK,1,4.2,Suryakumar Yadav,Ashwin,4,0,0,0,0,0,,,
202503,2025,Group Stage,3,"Mar 23, 2025","MA Chidambaram Stadium, Chennai",MI,CSK,1,4.3,Suryakumar Yadav,Ashwin,1,0,0,0,0,0,,,
202503,2025,Group Stage,3,"Mar 23, 2025","MA Chidambaram Stadium, Chennai",MI,CSK,1,4.4,Will Jacks,Ashwin,0,0,0,0,0,0,caught,Will Jacks,Shivam Dube
202503,2025,Group Stage,3,"Mar 23, 2025","MA Chidambaram Stadium, Chennai",MI,CSK,1,4.5,Tilak Varma,Ashwin,4,0,0,0,0,0,,,
202503,2025,Group Stage,3,"Mar 23, 2025","MA Chidambaram Stadium, Chennai",MI,CSK,1,4.6,Tilak Varma,Ashwin,4,0,0,0,0,0,,,
202503,2025,Group Stage,3,"Mar 23, 2025","MA Chidambaram Stadium, Chennai",MI,CSK,1,5.1,Suryakumar Yadav,Khaleel Ahmed,0,0,0,0,0,0,,,
202503,2025,Group Stage,3,"Mar 23, 2025","MA Chidambaram Stadium, Chennai",MI,CSK,1,5.2,Suryakumar Yadav,Khaleel Ahmed,0,0,0,0,0,0,,,
202503,2025,Group Stage,3,"Mar 23, 2025","MA Chidambaram Stadium, Chennai",MI,CSK,1,5.3,Suryakumar Yadav,Khaleel Ahmed,6,0,0,0,0,0,,,
202503,2025,Group Stage,3,"Mar 23, 2025","MA Chidambaram Stadium, Chennai",MI,CSK,1,5.4,Suryakumar Yadav,Khaleel Ahmed,1,0,0,0,0,0,,,
202503,2025,Group Stage,3,"Mar 23, 2025","MA Chidambaram Stadium, Chennai",MI,CSK,1,5.5,Tilak Varma,Khaleel Ahmed,0,0,0,0,0,0,,,
202503,2025,Group Stage,3,"Mar 23, 2025","MA Chidambaram Stadium, Chennai",MI,CSK,1,5.6,Tilak Varma,Khaleel Ahmed,0,1,0,0,0,1,,,
202503,2025,Group Stage,3,"Mar 23, 2025","MA Chidambaram Stadium, Chennai",MI,CSK,1,5.6,Tilak Varma,Khaleel Ahmed,0,0,0,0,0,0,,,
202503,2025,Group Stage,3,"Mar 23, 2025","MA Chidambaram Stadium, Chennai",MI,CSK,1,6.1,Suryakumar Yadav,Jadeja,0,0,0,0,0,0,,,
202503,2025,Group Stage,3,"Mar 23, 2025","MA Chidambaram Stadium, Chennai",MI,CSK,1,6.2,Suryakumar Yadav,Jadeja,1,0,0,0,0,0,,,
202503,2025,Group Stage,3,"Mar 23, 2025","MA Chidambaram Stadium, Chennai",MI,CSK,1,6.3,Tilak Varma,Jadeja,0,0,0,0,0,0,,,
202503,2025,Group Stage,3,"Mar 23, 2025","MA Chidambaram Stadium, Chennai",MI,CSK,1,6.4,Tilak Varma,Jadeja,6,0,0,0,0,0,,,
202503,2025,Group Stage,3,"Mar 23, 2025","MA Chidambaram Stadium, Chennai",MI,CSK,1,6.5,Tilak Varma,Jadeja,0,0,0,0,0,0,,,
202503,2025,Group Stage,3,"Mar 23, 2025","MA Chidambaram Stadium, Chennai",MI,CSK,1,6.6,Tilak Varma,Jadeja,0,0,0,0,0,0,,,
202503,2025,Group Stage,3,"Mar 23, 2025","MA Chidambaram Stadium, Chennai",MI,CSK,1,7.1,Suryakumar Yadav,Noor Ahmad,0,1,1,0,0,0,,,
202503,2025,Group Stage,3,"Mar 23, 2025","MA Chidambaram Stadium, Chennai",MI,CSK,1,7.1,Suryakumar Yadav,Noor Ahmad,0,0,0,0,0,0,,,
202503,2025,Group Stage,3,"Mar 23, 2025","MA Chidambaram Stadium, Chennai",MI,CSK,1,7.2,Suryakumar Yadav,Noor Ahmad,0,0,0,0,0,0,,,
202503,2025,Group Stage,3,"Mar 23, 2025","MA Chidambaram Stadium, Chennai",MI,CSK,1,7.3,Suryakumar Yadav,Noor Ahmad,1,0,0,0,0,0,,,
202503,2025,Group Stage,3,"Mar 23, 2025","MA Chidambaram Stadium, Chennai",MI,CSK,1,7.4,Tilak Varma,Noor Ahmad,1,0,0,0,0,0,,,
202503,2025,Group Stage,3,"Mar 23, 2025","MA Chidambaram Stadium, Chennai",MI,CSK,1,7.5,Suryakumar Yadav,Noor Ahmad,2,0,0,0,0,0,,,
202503,2025,Group Stage,3,"Mar 23, 2025","MA Chidambaram Stadium, Chennai",MI,CSK,1,7.6,Suryakumar Yadav,Noor Ahmad,2,0,0,0,0,0,,,
202503,2025,Group Stage,3,"Mar 23, 2025","MA Chidambaram Stadium, Chennai",MI,CSK,1,8.1,Tilak Varma,Jadeja,6,0,0,0,0,0,,,
202503,2025,Group Stage,3,"Mar 23, 2025","MA Chidambaram Stadium, Chennai",MI,CSK,1,8.2,Tilak Varma,Jadeja,0,0,0,0,0,0,,,
202503,2025,Group Stage,3,"Mar 23, 2025","MA Chidambaram Stadium, Chennai",MI,CSK,1,8.3,Tilak Varma,Jadeja,0,0,0,0,0,0,,,
202503,2025,Group Stage,3,"Mar 23, 2025","MA Chidambaram Stadium, Chennai",MI,CSK,1,8.4,Tilak Varma,Jadeja,2,0,0,0,0,0,,,
202503,2025,Group Stage,3,"Mar 23, 2025","MA Chidambaram Stadium, Chennai",MI,CSK,1,8.5,Tilak Varma,Jadeja,1,0,0,0,0,0,,,
202503,2025,Group Stage,3,"Mar 23, 2025","MA Chidambaram Stadium, Chennai",MI,CSK,1,8.6,Suryakumar Yadav,Jadeja,1,0,0,0,0,0,,,
202503,2025,Group Stage,3,"Mar 23, 2025","MA Chidambaram Stadium, Chennai",MI,CSK,1,9.1,Suryakumar Yadav,Ashwin,1,0,0,0,0,0,,,
202503,2025,Group Stage,3,"Mar 23, 2025","MA Chidambaram Stadium, Chennai",MI,CSK,1,9.2,Tilak Varma,Ashwin,1,0,0,0,0,0,,,
202503,2025,Group Stage,3,"Mar 23, 2025","MA Chidambaram Stadium, Chennai",MI,CSK,1,9.3,Suryakumar Yadav,Ashwin,1,0,0,0,0,0,,,
202503,2025,Group Stage,3,"Mar 23, 2025","MA Chidambaram Stadium, Chennai",MI,CSK,1,9.4,Tilak Varma,Ashwin,1,0,0,0,0,0,,,
202503,2025,Group Stage,3,"Mar 23, 2025","MA Chidambaram Stadium, Chennai",MI,CSK,1,9.5,Suryakumar Yadav,Ashwin,1,0,0,0,0,0,,,
202503,2025,Group Stage,3,"Mar 23, 2025","MA Chidambaram Stadium, Chennai",MI,CSK,1,9.6,Tilak Varma,Ashwin,1,0,0,0,0,0,,,
202503,2025,Group Stage,3,"Mar 23, 2025","MA Chidambaram Stadium, Chennai",MI,CSK,1,10.1,Tilak Varma,Noor Ahmad,0,4,0,0,1,0,,,
202503,2025,Group Stage,3,"Mar 23, 2025","MA Chidambaram Stadium, Chennai",MI,CSK,1,10.2,Tilak Varma,Noor Ahmad,1,0,0,0,0,0,,,
202503,2025,Group Stage,3,"Mar 23, 2025","MA Chidambaram Stadium, Chennai",MI,CSK,1,10.3,Suryakumar Yadav,Noor Ahmad,0,0,0,0,0,0,stumped,Suryakumar Yadav,Dhoni
202503,2025,Group Stage,3,"Mar 23, 2025","MA Chidambaram Stadium, Chennai",MI,CSK,1,10.4,Robin Minz,Noor Ahmad,0,0,0,0,0,0,,,
202503,2025,Group Stage,3,"Mar 23, 2025","MA Chidambaram Stadium, Chennai",MI,CSK,1,10.5,Robin Minz,Noor Ahmad,1,0,0,0,0,0,,,
202503,2025,Group Stage,3,"Mar 23, 2025","MA Chidambaram Stadium, Chennai",MI,CSK,1,10.6,Tilak Varma,Noor Ahmad,0,1,1,0,0,0,,,
202503,2025,Group Stage,3,"Mar 23, 2025","MA Chidambaram Stadium, Chennai",MI,CSK,1,10.6,Tilak Varma,Noor Ahmad,2,0,0,0,0,0,,,
202503,2025,Group Stage,3,"Mar 23, 2025","MA Chidambaram Stadium, Chennai",MI,CSK,1,11.1,Robin Minz,Ashwin,0,0,0,0,0,0,,,
202503,2025,Group Stage,3,"Mar 23, 2025","MA Chidambaram Stadium, Chennai",MI,CSK,1,11.2,Robin Minz,Ashwin,0,0,0,0,0,0,,,
202503,2025,Group Stage,3,"Mar 23, 2025","MA Chidambaram Stadium, Chennai",MI,CSK,1,11.3,Robin Minz,Ashwin,0,0,0,0,0,0,,,
202503,2025,Group Stage,3,"Mar 23, 2025","MA Chidambaram Stadium, Chennai",MI,CSK,1,11.4,Robin Minz,Ashwin,1,0,0,0,0,0,,,
202503,2025,Group Stage,3,"Mar 23, 2025","MA Chidambaram Stadium, Chennai",MI,CSK,1,11.5,Tilak Varma,Ashwin,0,0,0,0,0,0,,,
202503,2025,Group Stage,3,"Mar 23, 2025","MA Chidambaram Stadium, Chennai",MI,CSK,1,11.6,Tilak Varma,Ashwin,0,0,0,0,0,0,,,
202503,2025,Group Stage,3,"Mar 23, 2025","MA Chidambaram Stadium, Chennai",MI,CSK,1,12.1,Robin Minz,Noor Ahmad,0,1,1,0,0,0,,,
202503,2025,Group Stage,3,"Mar 23, 2025","MA Chidambaram Stadium, Chennai",MI,CSK,1,12.1,Robin Minz,Noor Ahmad,1,0,0,0,0,0,,,
202503,2025,Group Stage,3,"Mar 23, 2025","MA Chidambaram Stadium, Chennai",MI,CSK,1,12.2,Tilak Varma,Noor Ahmad,1,0,0,0,0,0,,,
202503,2025,Group Stage,3,"Mar 23, 2025","MA Chidambaram Stadium, Chennai",MI,CSK,1,12.3,Robin Minz,Noor Ahmad,0,0,0,0,0,0,,,
202503,2025,Group Stage,3,"Mar 23, 2025","MA Chidambaram Stadium, Chennai",MI,CSK,1,12.4,Robin Minz,Noor Ahmad,0,0,0,0,0,0,caught,Robin Minz,Jadeja
202503,2025,Group Stage,3,"Mar 23, 2025","MA Chidambaram Stadium, Chennai",MI,CSK,1,12.5,Naman Dhir,Noor Ahmad,1,0,0,0,0,0,,,
202503,2025,Group Stage,3,"Mar 23, 2025","MA Chidambaram Stadium, Chennai",MI,CSK,1,12.6,Tilak Varma,Noor Ahmad,0,0,0,0,0,0,lbw,Tilak Varma,
202503,2025,Group Stage,3,"Mar 23, 2025","MA Chidambaram Stadium, Chennai",MI,CSK,1,13.1,Naman Dhir,Jadeja,1,0,0,0,0,0,,,
202503,2025,Group Stage,3,"Mar 23, 2025","MA Chidambaram Stadium, Chennai",MI,CSK,1,13.2,Santner,Jadeja,0,0,0,0,0,0,,,
202503,2025,Group Stage,3,"Mar 23, 2025","MA Chidambaram Stadium, Chennai",MI,CSK,1,13.3,Santner,Jadeja,0,0,0,0,0,0,,,
202503,2025,Group Stage,3,"Mar 23, 2025","MA Chidambaram Stadium, Chennai",MI,CSK,1,13.4,Santner,Jadeja,1,0,0,0,0,0,,,
202503,2025,Group Stage,3,"Mar 23, 2025","MA Chidambaram Stadium, Chennai",MI,CSK,1,13.5,Naman Dhir,Jadeja,1,0,0,0,0,0,,,
202503,2025,Group Stage,3,"Mar 23, 2025","MA Chidambaram Stadium, Chennai",MI,CSK,1,13.6,Santner,Jadeja,1,0,0,0,0,0,,,
202503,2025,Group Stage,3,"Mar 23, 2025","MA Chidambaram Stadium, Chennai",MI,CSK,1,14.1,Santner,Ashwin,1,0,0,0,0,0,,,
202503,2025,Group Stage,3,"Mar 23, 2025","MA Chidambaram Stadium, Chennai",MI,CSK,1,14.2,Naman Dhir,Ashwin,2,0,0,0,0,0,,,
202503,2025,Group Stage,3,"Mar 23, 2025","MA Chidambaram Stadium, Chennai",MI,CSK,1,14.3,Naman Dhir,Ashwin,1,0,0,0,0,0,,,
202503,2025,Group Stage,3,"Mar 23, 2025","MA Chidambaram Stadium, Chennai",MI,CSK,1,14.4,Santner,Ashwin,1,0,0,0,0,0,,,
202503,2025,Group Stage,3,"Mar 23, 2025","MA Chidambaram Stadium, Chennai",MI,CSK,1,14.5,Naman Dhir,Ashwin,4,0,0,0,0,0,,,
202503,2025,Group Stage,3,"Mar 23, 2025","MA Chidambaram Stadium, Chennai",MI,CSK,1,14.6,Naman Dhir,Ashwin,1,0,0,0,0,0,,,
202503,2025,Group Stage,3,"Mar 23, 2025","MA Chidambaram Stadium, Chennai",MI,CSK,1,15.1,Naman Dhir,Nathan Ellis,2,0,0,0,0,0,,,
202503,2025,Group Stage,3,"Mar 23, 2025","MA Chidambaram Stadium, Chennai",MI,CSK,1,15.2,Naman Dhir,Nathan Ellis,2,0,0,0,0,0,,,
202503,2025,Group Stage,3,"Mar 23, 2025","MA Chidambaram Stadium, Chennai",MI,CSK,1,15.3,Naman Dhir,Nathan Ellis,1,0,0,0,0,0,,,
202503,2025,Group Stage,3,"Mar 23, 2025","MA Chidambaram Stadium, Chennai",MI,CSK,1,15.4,Santner,Nathan Ellis,0,0,0,0,0,0,,,
202503,2025,Group Stage,3,"Mar 23, 2025","MA Chidambaram Stadium, Chennai",MI,CSK,1,15.5,Santner,Nathan Ellis,0,1,1,0,0,0,,,
202503,2025,Group Stage,3,"Mar 23, 2025","MA Chidambaram Stadium, Chennai",MI,CSK,1,15.5,Santner,Nathan Ellis,1,0,0,0,0,0,,,
202503,2025,Group Stage,3,"Mar 23, 2025","MA Chidambaram Stadium, Chennai",MI,CSK,1,15.6,Naman Dhir,Nathan Ellis,1,0,0,0,0,0,,,
202503,2025,Group Stage,3,"Mar 23, 2025","MA Chidambaram Stadium, Chennai",MI,CSK,1,16.1,Naman Dhir,Noor Ahmad,0,0,0,0,0,0,bowled,Naman Dhir,
202503,2025,Group Stage,3,"Mar 23, 2025","MA Chidambaram Stadium, Chennai",MI,CSK,1,16.2,Chahar,Noor Ahmad,0,0,0,0,0,0,,,
202503,2025,Group Stage,3,"Mar 23, 2025","MA Chidambaram Stadium, Chennai",MI,CSK,1,16.3,Chahar,Noor Ahmad,1,0,0,0,0,0,,,
202503,2025,Group Stage,3,"Mar 23, 2025","MA Chidambaram Stadium, Chennai",MI,CSK,1,16.4,Santner,Noor Ahmad,1,0,0,0,0,0,,,
202503,2025,Group Stage,3,"Mar 23, 2025","MA Chidambaram Stadium, Chennai",MI,CSK,1,16.5,Chahar,Noor Ahmad,0,0,0,0,0,0,,,
202503,2025,Group Stage,3,"Mar 23, 2025","MA Chidambaram Stadium, Chennai",MI,CSK,1,16.6,Chahar,Noor Ahmad,0,0,0,0,0,0,,,
202503,2025,Group Stage,3,"Mar 23, 2025","MA Chidambaram Stadium, Chennai",MI,CSK,1,17.1,Santner,Nathan Ellis,4,0,0,0,0,0,,,
202503,2025,Group Stage,3,"Mar 23, 2025","MA Chidambaram Stadium, Chennai",MI,CSK,1,17.2,Santner,Nathan Ellis,0,0,0,0,0,0,,,
202503,2025,Group Stage,3,"Mar 23, 2025","MA Chidambaram Stadium, Chennai",MI,CSK,1,17.3,Santner,Nathan Ellis,1,0,0,0,0,0,,,
202503,2025,Group Stage,3,"Mar 23, 2025","MA Chidambaram Stadium, Chennai",MI,CSK,1,17.4,Chahar,Nathan Ellis,2,0,0,0,0,0,,,
202503,2025,Group Stage,3,"Mar 23, 2025","MA Chidambaram Stadium, Chennai",MI,CSK,1,17.5,Chahar,Nathan Ellis,0,1,0,1,0,0,,,
202503,2025,Group Stage,3,"Mar 23, 2025","MA Chidambaram Stadium, Chennai",MI,CSK,1,17.6,Santner,Nathan Ellis,0,0,0,0,0,0,lbw,Santner,
202503,2025,Group Stage,3,"Mar 23, 2025","MA Chidambaram Stadium, Chennai",MI,CSK,1,18.1,Chahar,Khaleel Ahmed,4,0,0,0,0,0,,,
202503,2025,Group Stage,3,"Mar 23, 2025","MA Chidambaram Stadium, Chennai",MI,CSK,1,18.2,Chahar,Khaleel Ahmed,6,0,0,0,0,0,,,
202503,2025,Group Stage,3,"Mar 23, 2025","MA Chidambaram Stadium, Chennai",MI,CSK,1,18.3,Chahar,Khaleel Ahmed,1,0,0,0,0,0,,,
202503,2025,Group Stage,3,"Mar 23, 2025","MA Chidambaram Stadium, Chennai",MI,CSK,1,18.4,Boult,Khaleel Ahmed,1,0,0,0,0,0,,,
202503,2025,Group Stage,3,"Mar 23, 2025","MA Chidambaram Stadium, Chennai",MI,CSK,1,18.5,Chahar,Khaleel Ahmed,1,0,0,0,0,0,,,
202503,2025,Group Stage,3,"Mar 23, 2025","MA Chidambaram Stadium, Chennai",MI,CSK,1,18.6,Boult,Khaleel Ahmed,0,0,0,0,0,0,caught,Boult,Gaikwad
202503,2025,Group Stage,3,"Mar 23, 2025","MA Chidambaram Stadium, Chennai",MI,CSK,1,19.1,Chahar,Nathan Ellis,2,0,0,0,0,0,,,
202503,2025,Group Stage,3,"Mar 23, 2025","MA Chidambaram Stadium, Chennai",MI,CSK,1,19.2,Chahar,Nathan Ellis,6,0,0,0,0,0,,,
202503,2025,Group Stage,3,"Mar 23, 2025","MA Chidambaram Stadium, Chennai",MI,CSK,1,19.3,Chahar,Nathan Ellis,1,0,0,0,0,0,,,
202503,2025,Group Stage,3,"Mar 23, 2025","MA Chidambaram Stadium, Chennai",MI,CSK,1,19.4,Satyanarayana Raju,Nathan Ellis,1,0,0,0,0,0,,,
202503,2025,Group Stage,3,"Mar 23, 2025","MA Chidambaram Stadium, Chennai",MI,CSK,1,19.5,Chahar,Nathan Ellis,0,0,0,0,0,0,,,
202503,2025,Group Stage,3,"Mar 23, 2025","MA Chidambaram Stadium, Chennai",MI,CSK,1,19.6,Chahar,Nathan Ellis,4,0,0,0,0,0,,,
202503,2025,Group Stage,3,"Mar 23, 2025","MA Chidambaram Stadium, Chennai",CSK,MI,2,0.1,Ravindra,Boult,2,0,0,0,0,0,,,
202503,2025,Group Stage,3,"Mar 23, 2025","MA Chidambaram Stadium, Chennai",CSK,MI,2,0.2,Ravindra,Boult,0,0,0,0,0,0,,,
202503,2025,Group Stage,3,"Mar 23, 2025","MA Chidambaram Stadium, Chennai",CSK,MI,2,0.3,Ravindra,Boult,1,0,0,0,0,0,,,
202503,2025,Group Stage,3,"Mar 23, 2025","MA Chidambaram Stadium, Chennai",CSK,MI,2,0.4,Tripathi,Boult,1,0,0,0,0,0,,,
202503,2025,Group Stage,3,"Mar 23, 2025","MA Chidambaram Stadium, Chennai",CSK,MI,2,0.5,Ravindra,Boult,0,1,1,0,0,0,,,
202503,2025,Group Stage,3,"Mar 23, 2025","MA Chidambaram Stadium, Chennai",CSK,MI,2,0.5,Ravindra,Boult,0,0,0,0,0,0,,,
202503,2025,Group Stage,3,"Mar 23, 2025","MA Chidambaram Stadium, Chennai",CSK,MI,2,0.6,Ravindra,Boult,0,0,0,0,0,0,,,
202503,2025,Group Stage,3,"Mar 23, 2025","MA Chidambaram Stadium, Chennai",CSK,MI,2,1.1,Tripathi,Chahar,1,0,0,0,0,0,,,
202503,2025,Group Stage,3,"Mar 23, 2025","MA Chidambaram Stadium, Chennai",CSK,MI,2,1.2,Ravindra,Chahar,4,0,0,0,0,0,,,
202503,2025,Group Stage,3,"Mar 23, 2025","MA Chidambaram Stadium, Chennai",CSK,MI,2,1.3,Ravindra,Chahar,1,0,0,0,0,0,,,
202503,2025,Group Stage,3,"Mar 23, 2025","MA Chidambaram Stadium, Chennai",CSK,MI,2,1.4,Tripathi,Chahar,0,0,0,0,0,0,caught,Tripathi,Rickelton
202503,2025,Group Stage,3,"Mar 23, 2025","MA Chidambaram Stadium, Chennai",CSK,MI,2,1.5,Gaikwad,Chahar,1,0,0,0,0,0,,,
202503,2025,Group Stage,3,"Mar 23, 2025","MA Chidambaram Stadium, Chennai",CSK,MI,2,1.6,Ravindra,Chahar,0,0,0,0,0,0,,,
202503,2025,Group Stage,3,"Mar 23, 2025","MA Chidambaram Stadium, Chennai",CSK,MI,2,2.1,Gaikwad,Boult,4,0,0,0,0,0,,,
202503,2025,Group Stage,3,"Mar 23, 2025","MA Chidambaram Stadium, Chennai",CSK,MI,2,2.2,Gaikwad,Boult,4,0,0,0,0,0,,,
202503,2025,Group Stage,3,"Mar 23, 2025","MA Chidambaram Stadium, Chennai",CSK,MI,2,2.3,Gaikwad,Boult,2,0,0,0,0,0,,,
202503,2025,Group Stage,3,"Mar 23, 2025","MA Chidambaram Stadium, Chennai",CSK,MI,2,2.4,Gaikwad,Boult,0,0,0,0,0,0,,,
202503,2025,Group Stage,3,"Mar 23, 2025","MA Chidambaram Stadium, Chennai",CSK,MI,2,2.5,Gaikwad,Boult,1,0,0,0,0,0,,,
202503,2025,Group Stage,3,"Mar 23, 2025","MA Chidambaram Stadium, Chennai",CSK,MI,2,2.6,Ravindra,Boult,1,0,0,0,0,0,,,
202503,2025,Group Stage,3,"Mar 23, 2025","MA Chidambaram Stadium, Chennai",CSK,MI,2,3.1,Ravindra,Chahar,0,0,0,0,0,0,,,
202503,2025,Group Stage,3,"Mar 23, 2025","MA Chidambaram Stadium, Chennai",CSK,MI,2,3.2,Ravindra,Chahar,4,0,0,0,0,0,,,
202503,2025,Group Stage,3,"Mar 23, 2025","MA Chidambaram Stadium, Chennai",CSK,MI,2,3.3,Ravindra,Chahar,1,0,0,0,0,0,,,
202503,2025,Group Stage,3,"Mar 23, 2025","MA Chidambaram Stadium, Chennai",CSK,MI,2,3.4,Gaikwad,Chahar,6,0,0,0,0,0,,,
202503,2025,Group Stage,3,"Mar 23, 2025","MA Chidambaram Stadium, Chennai",CSK,MI,2,3.5,Gaikwad,Chahar,0,0,0,0,0,0,,,
202503,2025,Group Stage,3,"Mar 23, 2025","MA Chidambaram Stadium, Chennai",CSK,MI,2,3.6,Gaikwad,Chahar,0,0,0,0,0,0,,,
202503,2025,Group Stage,3,"Mar 23, 2025","MA Chidambaram Stadium, Chennai",CSK,MI,2,4.1,Ravindra,Satyanarayana Raju,0,1,1,0,0,0,,,
202503,2025,Group Stage,3,"Mar 23, 2025","MA Chidambaram Stadium, Chennai",CSK,MI,2,4.1,Ravindra,Satyanarayana Raju,1,0,0,0,0,0,,,
202503,2025,Group Stage,3,"Mar 23, 2025","MA Chidambaram Stadium, Chennai",CSK,MI,2,4.2,Gaikwad,Satyanarayana Raju,4,0,0,0,0,0,,,
202503,2025,Group Stage,3,"Mar 23, 2025","MA Chidambaram Stadium, Chennai",CSK,MI,2,4.3,Gaikwad,Satyanarayana Raju,4,0,0,0,0,0,,,
202503,2025,Group Stage,3,"Mar 23, 2025","MA Chidambaram Stadium, Chennai",CSK,MI,2,4.4,Gaikwad,Satyanarayana Raju,1,0,0,0,0,0,,,
202503,2025,Group Stage,3,"Mar 23, 2025","MA Chidambaram Stadium, Chennai",CSK,MI,2,4.5,Ravindra,Satyanarayana Raju,1,0,0,0,0,0,,,
202503,2025,Group Stage,3,"Mar 23, 2025","MA Chidambaram Stadium, Chennai",CSK,MI,2,4.6,Gaikwad,Satyanarayana Raju,1,0,0,0,0,0,,,
202503,2025,Group Stage,3,"Mar 23, 2025","MA Chidambaram Stadium, Chennai",CSK,MI,2,5.1,Gaikwad,Santner,0,0,0,0,0,0,,,
202503,2025,Group Stage,3,"Mar 23, 2025","MA Chidambaram Stadium, Chennai",CSK,MI,2,5.2,Gaikwad,Santner,0,0,0,0,0,0,,,
202503,2025,Group Stage,3,"Mar 23, 2025","MA Chidambaram Stadium, Chennai",CSK,MI,2,5.3,Gaikwad,Santner,6,0,0,0,0,0,,,
202503,2025,Group Stage,3,"Mar 23, 2025","MA Chidambaram Stadium, Chennai",CSK,MI,2,5.4,Gaikwad,Santner,0,0,0,0,0,0,,,
202503,2025,Group Stage,3,"Mar 23, 2025","MA Chidambaram Stadium, Chennai",CSK,MI,2,5.5,Gaikwad,Santner,4,0,0,0,0,0,,,
202503,2025,Group Stage,3,"Mar 23, 2025","MA Chidambaram Stadium, Chennai",CSK,MI,2,5.6,Gaikwad,Santner,4,0,0,0,0,0,,,
202503,2025,Group Stage,3,"Mar 23, 2025","MA Chidambaram Stadium, Chennai",CSK,MI,2,6.1,Ravindra,Will Jacks,2,0,0,0,0,0,,,
202503,2025,Group Stage,3,"Mar 23, 2025","MA Chidambaram Stadium, Chennai",CSK,MI,2,6.2,Ravindra,Will Jacks,1,0,0,0,0,0,,,
202503,2025,Group Stage,3,"Mar 23, 2025","MA Chidambaram Stadium, Chennai",CSK,MI,2,6.3,Gaikwad,Will Jacks,6,0,0,0,0,0,,,
202503,2025,Group Stage,3,"Mar 23, 2025","MA Chidambaram Stadium, Chennai",CSK,MI,2,6.4,Gaikwad,Will Jacks,1,0,0,0,0,0,,,
202503,2025,Group Stage,3,"Mar 23, 2025","MA Chidambaram Stadium, Chennai",CSK,MI,2,6.5,Ravindra,Will Jacks,1,0,0,0,0,0,,,
202503,2025,Group Stage,3,"Mar 23, 2025","MA Chidambaram Stadium, Chennai",CSK,MI,2,6.6,Gaikwad,Will Jacks,1,0,0,0,0,0,,,
202503,2025,Group Stage,3,"Mar 23, 2025","MA Chidambaram Stadium, Chennai",CSK,MI,2,7.1,Gaikwad,Vignesh Puthur,1,0,0,0,0,0,,,
202503,2025,Group Stage,3,"Mar 23, 2025","MA Chidambaram Stadium, Chennai",CSK,MI,2,7.2,Ravindra,Vignesh Puthur,1,0,0,0,0,0,,,
202503,2025,Group Stage,3,"Mar 23, 2025","MA Chidambaram Stadium, Chennai",CSK,MI,2,7.3,Gaikwad,Vignesh Puthur,2,0,0,0,0,0,,,
202503,2025,Group Stage,3,"Mar 23, 2025","MA Chidambaram Stadium, Chennai",CSK,MI,2,7.4,Gaikwad,Vignesh Puthur,0,0,0,0,0,0,,,
202503,2025,Group Stage,3,"Mar 23, 2025","MA Chidambaram Stadium, Chennai",CSK,MI,2,7.5,Gaikwad,Vignesh Puthur,0,0,0,0,0,0,caught,Gaikwad,Will Jacks
202503,2025,Group Stage,3,"Mar 23, 2025","MA Chidambaram Stadium, Chennai",CSK,MI,2,7.6,Shivam Dube,Vignesh Puthur,1,0,0,0,0,0,,,
202503,2025,Group Stage,3,"Mar 23, 2025","MA Chidambaram Stadium, Chennai",CSK,MI,2,8.1,Shivam Dube,Will Jacks,0,3,1,0,0,0,,,
202503,2025,Group Stage,3,"Mar 23, 2025","MA Chidambaram Stadium, Chennai",CSK,MI,2,8.1,Shivam Dube,Will Jacks,0,0,0,0,0,0,,,
202503,2025,Group Stage,3,"Mar 23, 2025","MA Chidambaram Stadium, Chennai",CSK,MI,2,8.2,Shivam Dube,Will Jacks,1,0,0,0,0,0,,,
202503,2025,Group Stage,3,"Mar 23, 2025","MA Chidambaram Stadium, Chennai",CSK,MI,2,8.3,Ravindra,Will Jacks,1,0,0,0,0,0,,,
202503,2025,Group Stage,3,"Mar 23, 2025","MA Chidambaram Stadium, Chennai",CSK,MI,2,8.4,Shivam Dube,Will Jacks,1,0,0,0,0,0,,,
202503,2025,Group Stage,3,"Mar 23, 2025","MA Chidambaram Stadium, Chennai",CSK,MI,2,8.5,Ravindra,Will Jacks,1,0,0,0,0,0,,,
202503,2025,Group Stage,3,"Mar 23, 2025","MA Chidambaram Stadium, Chennai",CSK,MI,2,8.6,Shivam Dube,Will Jacks,6,0,0,0,0,0,,,
202503,2025,Group Stage,3,"Mar 23, 2025","MA Chidambaram Stadium, Chennai",CSK,MI,2,9.1,Ravindra,Vignesh Puthur,2,0,0,0,0,0,,,
202503,2025,Group Stage,3,"Mar 23, 2025","MA Chidambaram Stadium, Chennai",CSK,MI,2,9.2,Ravindra,Vignesh Puthur,1,0,0,0,0,0,,,
202503,2025,Group Stage,3,"Mar 23, 2025","MA Chidambaram Stadium, Chennai",CSK,MI,2,9.3,Shivam Dube,Vignesh Puthur,0,0,0,0,0,0,,,
202503,2025,Group Stage,3,"Mar 23, 2025","MA Chidambaram Stadium, Chennai",CSK,MI,2,9.4,Shivam Dube,Vignesh Puthur,0,0,0,0,0,0,caught,Shivam Dube,Tilak Varma
202503,2025,Group Stage,3,"Mar 23, 2025","MA Chidambaram Stadium, Chennai",CSK,MI,2,9.5,Hooda,Vignesh Puthur,1,0,0,0,0,0,,,
202503,2025,Group Stage,3,"Mar 23, 2025","MA Chidambaram Stadium, Chennai",CSK,MI,2,9.6,Ravindra,Vignesh Puthur,0,0,0,0,0,0,,,
202503,2025,Group Stage,3,"Mar 23, 2025","MA Chidambaram Stadium, Chennai",CSK,MI,2,10.1,Hooda,Santner,1,0,0,0,0,0,,,
202503,2025,Group Stage,3,"Mar 23, 2025","MA Chidambaram Stadium, Chennai",CSK,MI,2,10.2,Ravindra,Santner,0,0,0,0,0,0,,,
202503,2025,Group Stage,3,"Mar 23, 2025","MA Chidambaram Stadium, Chennai",CSK,MI,2,10.3,Ravindra,Santner,1,0,0,0,0,0,,,
202503,2025,Group Stage,3,"Mar 23, 2025","MA Chidambaram Stadium, Chennai",CSK,MI,2,10.4,Hooda,Santner,1,0,0,0,0,0,,,
202503,2025,Group Stage,3,"Mar 23, 2025","MA Chidambaram Stadium, Chennai",CSK,MI,2,10.5,Ravindra,Santner,0,0,0,0,0,0,,,
202503,2025,Group Stage,3,"Mar 23, 2025","MA Chidambaram Stadium, Chennai",CSK,MI,2,10.6,Ravindra,Santner,1,0,0,0,0,0,,,
202503,2025,Group Stage,3,"Mar 23, 2025","MA Chidambaram Stadium, Chennai",CSK,MI,2,11.1,Ravindra,Vignesh Puthur,6,0,0,0,0,0,,,
202503,2025,Group Stage,3,"Mar 23, 2025","MA Chidambaram Stadium, Chennai",CSK,MI,2,11.2,Ravindra,Vignesh Puthur,1,0,0,0,0,0,,,
202503,2025,Group Stage,3,"Mar 23, 2025","MA Chidambaram Stadium, Chennai",CSK,MI,2,11.3,Hooda,Vignesh Puthur,0,0,0,0,0,0,,,
202503,2025,Group Stage,3,"Mar 23, 2025","MA Chidambaram Stadium, Chennai",CSK,MI,2,11.4,Hooda,Vignesh Puthur,0,0,0,0,0,0,caught,Hooda,Satyanarayana Raju
202503,2025,Group Stage,3,"Mar 23, 2025","MA Chidambaram Stadium, Chennai",CSK,MI,2,11.5,Sam Curran,Vignesh Puthur,1,0,0,0,0,0,,,
202503,2025,Group Stage,3,"Mar 23, 2025","MA Chidambaram Stadium, Chennai",CSK,MI,2,11.6,Ravindra,Vignesh Puthur,0,0,0,0,0,0,,,
202503,2025,Group Stage,3,"Mar 23, 2025","MA Chidambaram Stadium, Chennai",CSK,MI,2,12.1,Sam Curran,Will Jacks,0,0,0,0,0,0,,,
202503,2025,Group Stage,3,"Mar 23, 2025","MA Chidambaram Stadium, Chennai",CSK,MI,2,12.2,Sam Curran,Will Jacks,0,0,0,0,0,0,,,
202503,2025,Group Stage,3,"Mar 23, 2025","MA Chidambaram Stadium, Chennai",CSK,MI,2,12.3,Sam Curran,Will Jacks,1,0,0,0,0,0,,,
202503,2025,Group Stage,3,"Mar 23, 2025","MA Chidambaram Stadium, Chennai",CSK,MI,2,12.4,Ravindra,Will Jacks,2,0,0,0,0,0,,,
202503,2025,Group Stage,3,"Mar 23, 2025","MA Chidambaram Stadium, Chennai",CSK,MI,2,12.5,Ravindra,Will Jacks,0,0,0,0,0,0,,,
202503,2025,Group Stage,3,"Mar 23, 2025","MA Chidambaram Stadium, Chennai",CSK,MI,2,12.6,Ravindra,Will Jacks,1,0,0,0,0,0,,,
202503,2025,Group Stage,3,"Mar 23, 2025","MA Chidambaram Stadium, Chennai",CSK,MI,2,13.1,Ravindra,Naman Dhir,1,0,0,0,0,0,,,
202503,2025,Group Stage,3,"Mar 23, 2025","MA Chidambaram Stadium, Chennai",CSK,MI,2,13.2,Sam Curran,Naman Dhir,0,0,0,0,0,0,,,
202503,2025,Group Stage,3,"Mar 23, 2025","MA Chidambaram Stadium, Chennai",CSK,MI,2,13.3,Sam Curran,Naman Dhir,1,0,0,0,0,0,,,
202503,2025,Group Stage,3,"Mar 23, 2025","MA Chidambaram Stadium, Chennai",CSK,MI,2,13.4,Ravindra,Naman Dhir,1,0,0,0,0,0,,,
202503,2025,Group Stage,3,"Mar 23, 2025","MA Chidambaram Stadium, Chennai",CSK,MI,2,13.5,Sam Curran,Naman Dhir,0,0,0,0,0,0,,,
202503,2025,Group Stage,3,"Mar 23, 2025","MA Chidambaram Stadium, Chennai",CSK,MI,2,13.6,Sam Curran,Naman Dhir,1,0,0,0,0,0,,,
202503,2025,Group Stage,3,"Mar 23, 2025","MA Chidambaram Stadium, Chennai",CSK,MI,2,14.1,Sam Curran,Will Jacks,0,0,0,0,0,0,bowled,Sam Curran,
202503,2025,Group Stage,3,"Mar 23, 2025","MA Chidambaram Stadium, Chennai",CSK,MI,2,14.2,Jadeja,Will Jacks,0,0,0,0,0,0,,,
202503,2025,Group Stage,3,"Mar 23, 2025","MA Chidambaram Stadium, Chennai",CSK,MI,2,14.3,Jadeja,Will Jacks,0,0,0,0,0,0,,,
202503,2025,Group Stage,3,"Mar 23, 2025","MA Chidambaram Stadium, Chennai",CSK,MI,2,14.4,Jadeja,Will Jacks,1,0,0,0,0,0,,,
202503,2025,Group Stage,3,"Mar 23, 2025","MA Chidambaram Stadium, Chennai",CSK,MI,2,14.5,Ravindra,Will Jacks,1,0,0,0,0,0,,,
202503,2025,Group Stage,3,"Mar 23, 2025","MA Chidambaram Stadium, Chennai",CSK,MI,2,14.6,Jadeja,Will Jacks,1,0,0,0,0,0,,,
202503,2025,Group Stage,3,"Mar 23, 2025","MA Chidambaram Stadium, Chennai",CSK,MI,2,15.1,Jadeja,Naman Dhir,1,0,0,0,0,0,,,
202503,2025,Group Stage,3,"Mar 23, 2025","MA Chidambaram Stadium, Chennai",CSK,MI,2,15.2,Ravindra,Naman Dhir,1,0,0,0,0,0,,,
202503,2025,Group Stage,3,"Mar 23, 2025","MA Chidambaram Stadium, Chennai",CSK,MI,2,15.3,Jadeja,Naman Dhir,1,0,0,0,0,0,,,
202503,2025,Group Stage,3,"Mar 23, 2025","MA Chidambaram Stadium, Chennai",CSK,MI,2,15.4,Ravindra,Naman Dhir,1,0,0,0,0,0,,,
202503,2025,Group Stage,3,"Mar 23, 2025","MA Chidambaram Stadium, Chennai",CSK,MI,2,15.5,Jadeja,Naman Dhir,1,0,0,0,0,0,,,
202503,2025,Group Stage,3,"Mar 23, 2025","MA Chidambaram Stadium, Chennai",CSK,MI,2,15.6,Ravindra,Naman Dhir,1,0,0,0,0,0,,,
202503,2025,Group Stage,3,"Mar 23, 2025","MA Chidambaram Stadium, Chennai",CSK,MI,2,16.1,Ravindra,Boult,1,0,0,0,0,0,,,
202503,2025,Group Stage,3,"Mar 23, 2025","MA Chidambaram Stadium, Chennai",CSK,MI,2,16.2,Jadeja,Boult,4,0,0,0,0,0,,,
202503,2025,Group Stage,3,"Mar 23, 2025","MA Chidambaram Stadium, Chennai",CSK,MI,2,16.3,Jadeja,Boult,2,0,0,0,0,0,,,
202503,2025,Group Stage,3,"Mar 23, 2025","MA Chidambaram Stadium, Chennai",CSK,MI,2,16.4,Jadeja,Boult,1,0,0,0,0,0,,,
202503,2025,Group Stage,3,"Mar 23, 2025","MA Chidambaram Stadium, Chennai",CSK,MI,2,16.5,Ravindra,Boult,1,0,0,0,0,0,,,
202503,2025,Group Stage,3,"Mar 23, 2025","MA Chidambaram Stadium, Chennai",CSK,MI,2,16.6,Jadeja,Boult,1,0,0,0,0,0,,,
202503,2025,Group Stage,3,"Mar 23, 2025","MA Chidambaram Stadium, Chennai",CSK,MI,2,17.1,Jadeja,Vignesh Puthur,0,0,0,0,0,0,,,
202503,2025,Group Stage,3,"Mar 23, 2025","MA Chidambaram Stadium, Chennai",CSK,MI,2,17.2,Jadeja,Vignesh Puthur,1,0,0,0,0,0,,,
202503,2025,Group Stage,3,"Mar 23, 2025","MA Chidambaram Stadium, Chennai",CSK,MI,2,17.3,Ravindra,Vignesh Puthur,6,0,0,0,0,0,,,
202503,2025,Group Stage,3,"Mar 23, 2025","MA Chidambaram Stadium, Chennai",CSK,MI,2,17.4,Ravindra,Vignesh Puthur,1,0,0,0,0,0,,,
202503,2025,Group Stage,3,"Mar 23, 2025","MA Chidambaram Stadium, Chennai",CSK,MI,2,17.5,Jadeja,Vignesh Puthur,1,0,0,0,0,0,,,
202503,2025,Group Stage,3,"Mar 23, 2025","MA Chidambaram Stadium, Chennai",CSK,MI,2,17.6,Ravindra,Vignesh Puthur,6,0,0,0,0,0,,,
202503,2025,Group Stage,3,"Mar 23, 2025","MA Chidambaram Stadium, Chennai",CSK,MI,2,18.1,Jadeja,Naman Dhir,2,0,0,0,0,0,,,
202503,2025,Group Stage,3,"Mar 23, 2025","MA Chidambaram Stadium, Chennai",CSK,MI,2,18.2,Jadeja,Naman Dhir,0,0,0,0,0,0,,,
202503,2025,Group Stage,3,"Mar 23, 2025","MA Chidambaram Stadium, Chennai",CSK,MI,2,18.3,Jadeja,Naman Dhir,0,0,0,0,0,0,,,
202503,2025,Group Stage,3,"Mar 23, 2025","MA Chidambaram Stadium, Chennai",CSK,MI,2,18.4,Jadeja,Naman Dhir,0,0,0,0,0,0,runout,Jadeja,Chahar/Rickelton
202503,2025,Group Stage,3,"Mar 23, 2025","MA Chidambaram Stadium, Chennai",CSK,MI,2,18.5,Dhoni,Naman Dhir,0,0,0,0,0,0,,,
202503,2025,Group Stage,3,"Mar 23, 2025","MA Chidambaram Stadium, Chennai",CSK,MI,2,18.6,Dhoni,Naman Dhir,0,0,0,0,0,0,,,
202503,2025,Group Stage,3,"Mar 23, 2025","MA Chidambaram Stadium, Chennai",CSK,MI,2,19.1,Ravindra,Santner,6,0,0,0,0,0,,,
